iso3,cause_id,year,dalys,dalys_share_pct,ylds
DZA,344,2022,36101,0.3,32369
DZA,386,2022,184137,1.53,176619
DZA,410,2022,769826,6.47,22628
DZA,491,2022,2541687,21.38,197774
DZA,508,2022,335296,2.81,150143
DZA,526,2022,349118,2.93,93013
DZA,542,2022,557601,4.67,372630
DZA,558,2022,939507,7.85,939506
DZA,626,2022,871706,7.27,861573
DZA,640,2022,1124653,9.42,508702
DZA,653,2022,253105,2.11,244082
DZA,669,2022,319304,2.66,319304
DZA,688,2022,459557,3.86,78274
DZA,696,2022,574606,4.82,222811
DZA,717,2022,150685,1.27,32465
DZA,955,2022,39179,0.33,6331
DZA,956,2022,486906,4.09,127245
DZA,957,2022,55659,0.47,22618
DZA,961,2022,123077,1.03,19318
DZA,962,2022,826683,6.95,84243
DZA,973,2022,111117,0.93,58073
DZA,974,2022,817759,6.85,380419
EGY,344,2022,97001,0.29,80941
EGY,386,2022,379895,1.14,352577
EGY,410,2022,2269910,6.85,43524
EGY,491,2022,9214963,27.82,454873
EGY,508,2022,672873,2.03,328235
EGY,526,2022,1495322,4.51,222227
EGY,542,2022,1094149,3.29,851607
EGY,558,2022,2401022,7.21,2401020
EGY,626,2022,1826782,5.48,1817205
EGY,640,2022,2689857,8.1,1089804
EGY,653,2022,665820,2.0,650371
EGY,669,2022,700106,2.1,700106
EGY,688,2022,998799,3.01,196146
EGY,696,2022,1033903,3.12,404937
EGY,717,2022,266090,0.8,92700
EGY,955,2022,62571,0.19,13502
EGY,956,2022,2432732,7.33,618594
EGY,957,2022,288603,0.87,62142
EGY,961,2022,321850,0.97,46811
EGY,962,2022,1412613,4.26,396558
EGY,973,2022,141157,0.42,132765
EGY,974,2022,2715931,8.19,970957
LBY,344,2000,11834,0.86,11001
LBY,344,2001,11834,0.85,11003
LBY,344,2002,11826,0.83,10988
LBY,344,2003,11742,0.82,10908
LBY,344,2004,11612,0.79,10798
LBY,344,2005,11878,0.8,11077
LBY,344,2006,12336,0.82,11561
LBY,344,2007,12154,0.79,11372
LBY,344,2008,12001,0.77,11210
LBY,344,2009,12019,0.76,11217
LBY,344,2010,12101,0.75,11291
LBY,344,2011,12096,0.6,11261
LBY,344,2012,12072,0.7,11257
LBY,344,2013,12043,0.7,11242
LBY,344,2014,12100,0.6,11274
LBY,344,2015,12220,0.6,11384
LBY,344,2016,12393,0.6,11531
LBY,344,2017,12492,0.63,11612
LBY,344,2018,12582,0.64,11725
LBY,344,2019,13122,0.64,12272
LBY,344,2020,13021,0.57,12114
LBY,344,2021,12991,0.51,11972
LBY,344,2022,12986,0.62,12144
LBY,344,2023,12891,0.47,12088
LBY,386,2000,27820,2.01,26204
LBY,386,2001,27955,2.0,26327
LBY,386,2002,28001,1.96,26355
LBY,386,2003,27977,1.94,26334
LBY,386,2004,27954,1.9,26310
LBY,386,2005,27961,1.87,26315
LBY,386,2006,27940,1.84,26297
LBY,386,2007,27800,1.81,26138
LBY,386,2008,27584,1.76,25970
LBY,386,2009,27535,1.74,25936
LBY,386,2010,27620,1.71,26043
LBY,386,2011,28037,1.38,26429
LBY,386,2012,28640,1.66,27102
LBY,386,2013,29363,1.7,27870
LBY,386,2014,30107,1.49,28582
LBY,386,2015,30613,1.49,29106
LBY,386,2016,30888,1.5,29351
LBY,386,2017,30953,1.56,29429
LBY,386,2018,30947,1.56,29446
LBY,386,2019,30932,1.5,29428
LBY,386,2020,30885,1.35,29331
LBY,386,2021,30969,1.21,29330
LBY,386,2022,30853,1.46,29322
LBY,386,2023,30387,1.1,28872
LBY,410,2000,93542,6.85,1937
LBY,410,2001,96793,7.0,2055
LBY,410,2002,100217,7.11,2169
LBY,410,2003,104238,7.3,2297
LBY,410,2004,108770,7.49,2454
LBY,410,2005,113964,7.72,2638
LBY,410,2006,118431,7.91,2806
LBY,410,2007,123462,8.14,2970
LBY,410,2008,128512,8.33,3125
LBY,410,2009,134300,8.58,3280
LBY,410,2010,139028,8.74,3427
LBY,410,2011,144910,7.22,3575
LBY,410,2012,149983,8.79,3728
LBY,410,2013,151459,8.9,3731
LBY,410,2014,155797,7.8,3767
LBY,410,2015,157861,7.78,3738
LBY,410,2016,159352,7.86,3719
LBY,410,2017,165167,8.42,3851
LBY,410,2018,170775,8.74,4022
LBY,410,2019,178524,8.81,4232
LBY,410,2020,189658,8.39,4414
LBY,410,2021,212093,8.41,4582
LBY,410,2022,193794,9.28,4573
LBY,410,2023,199490,7.3,4770
LBY,491,2000,251100,18.4,17751
LBY,491,2001,257064,18.61,18438
LBY,491,2002,264505,18.78,19183
LBY,491,2003,269585,18.88,19976
LBY,491,2004,277460,19.11,20786
LBY,491,2005,284059,19.24,21568
LBY,491,2006,290839,19.43,22334
LBY,491,2007,295741,19.5,23144
LBY,491,2008,299491,19.4,24019
LBY,491,2009,307808,19.65,24956
LBY,491,2010,310448,19.5,25875
LBY,491,2011,313561,15.62,26827
LBY,491,2012,317985,18.62,27885
LBY,491,2013,332240,19.5,29015
LBY,491,2014,343252,17.17,30163
LBY,491,2015,356600,17.56,31204
LBY,491,2016,365346,18.01,32205
LBY,491,2017,370880,18.9,33209
LBY,491,2018,388706,19.89,34248
LBY,491,2019,395979,19.54,35338
LBY,491,2020,420501,18.59,36204
LBY,491,2021,466557,18.5,36866
LBY,491,2022,436810,20.92,37768
LBY,491,2023,448785,16.43,38926
LBY,508,2000,28644,2.09,14675
LBY,508,2001,29736,2.14,15039
LBY,508,2002,30868,2.18,15404
LBY,508,2003,31746,2.22,15824
LBY,508,2004,32247,2.21,16212
LBY,508,2005,33023,2.23,16611
LBY,508,2006,33360,2.22,17004
LBY,508,2007,34576,2.27,17466
LBY,508,2008,35905,2.32,17901
LBY,508,2009,37114,2.36,18381
LBY,508,2010,38129,2.39,18824
LBY,508,2011,38765,1.93,19169
LBY,508,2012,39311,2.3,19547
LBY,508,2013,40083,2.35,19921
LBY,508,2014,40796,2.04,20302
LBY,508,2015,41365,2.03,20723
LBY,508,2016,42299,2.08,21167
LBY,508,2017,43277,2.2,21651
LBY,508,2018,44390,2.26,22128
LBY,508,2019,45554,2.24,22663
LBY,508,2020,44015,1.94,23128
LBY,508,2021,43584,1.72,23487
LBY,508,2022,46088,2.2,23956
LBY,508,2023,47071,1.72,24504
LBY,526,2000,35301,2.58,8566
LBY,526,2001,36258,2.62,8857
LBY,526,2002,37281,2.64,9151
LBY,526,2003,37633,2.63,9463
LBY,526,2004,37532,2.58,9778
LBY,526,2005,37810,2.56,10100
LBY,526,2006,37418,2.5,10433
LBY,526,2007,38386,2.53,10777
LBY,526,2008,39246,2.54,11116
LBY,526,2009,39960,2.55,11474
LBY,526,2010,40461,2.54,11830
LBY,526,2011,42002,2.09,12152
LBY,526,2012,42251,2.47,12477
LBY,526,2013,42277,2.48,12817
LBY,526,2014,43467,2.17,13161
LBY,526,2015,44083,2.17,13495
LBY,526,2016,44974,2.21,13826
LBY,526,2017,46119,2.35,14155
LBY,526,2018,46379,2.37,14493
LBY,526,2019,47658,2.35,14844
LBY,526,2020,45374,2.0,15125
LBY,526,2021,44427,1.76,15476
LBY,526,2022,47903,2.29,15861
LBY,526,2023,48515,1.77,16134
LBY,542,2000,51749,3.78,39067
LBY,542,2001,53295,3.84,40175
LBY,542,2002,54946,3.88,41373
LBY,542,2003,56544,3.94,42598
LBY,542,2004,58217,3.99,43752
LBY,542,2005,60038,4.05,44935
LBY,542,2006,61639,4.1,46108
LBY,542,2007,63325,4.16,47237
LBY,542,2008,64754,4.18,48321
LBY,542,2009,66433,4.22,49515
LBY,542,2010,67813,4.24,50599
LBY,542,2011,69779,3.46,51677
LBY,542,2012,71445,4.17,52791
LBY,542,2013,72420,4.23,53826
LBY,542,2014,73927,3.68,54917
LBY,542,2015,75180,3.69,56079
LBY,542,2016,76250,3.74,57152
LBY,542,2017,77880,3.95,58132
LBY,542,2018,79609,4.05,59222
LBY,542,2019,81596,4.01,60240
LBY,542,2020,82442,3.63,61001
LBY,542,2021,83843,3.31,61753
LBY,542,2022,84422,4.02,62702
LBY,542,2023,85927,3.13,63579
LBY,558,2000,99679,7.26,99679
LBY,558,2001,101106,7.27,101106
LBY,558,2002,104334,7.36,104334
LBY,558,2003,106320,7.4,106320
LBY,558,2004,108826,7.45,108826
LBY,558,2005,112447,7.57,112446
LBY,558,2006,114367,7.59,114367
LBY,558,2007,115881,7.59,115881
LBY,558,2008,121745,7.84,121744
LBY,558,2009,121367,7.7,121366
LBY,558,2010,123306,7.7,123306
LBY,558,2011,129466,6.42,129465
LBY,558,2012,129917,7.56,129917
LBY,558,2013,133398,7.78,133397
LBY,558,2014,138007,6.87,138006
LBY,558,2015,139998,6.86,139998
LBY,558,2016,142360,6.98,142359
LBY,558,2017,144467,7.32,144466
LBY,558,2018,146372,7.44,146371
LBY,558,2019,148387,7.28,148387
LBY,558,2020,170429,7.49,170429
LBY,558,2021,173406,6.84,173405
LBY,558,2022,174296,8.29,174296
LBY,558,2023,184697,6.73,184697
LBY,626,2000,73084,5.32,72062
LBY,626,2001,75884,5.45,74814
LBY,626,2002,78831,5.56,77713
LBY,626,2003,81818,5.69,80651
LBY,626,2004,84989,5.81,83767
LBY,626,2005,88080,5.92,86810
LBY,626,2006,91279,6.05,89965
LBY,626,2007,94596,6.19,93220
LBY,626,2008,97887,6.3,96449
LBY,626,2009,101368,6.42,99844
LBY,626,2010,104755,6.53,103168
LBY,626,2011,108031,5.35,106381
LBY,626,2012,111205,6.46,109552
LBY,626,2013,114422,6.67,112777
LBY,626,2014,117820,5.86,116154
LBY,626,2015,121290,5.93,119646
LBY,626,2016,124827,6.11,123183
LBY,626,2017,128441,6.5,126773
LBY,626,2018,132106,6.71,130435
LBY,626,2019,135981,6.66,134281
LBY,626,2020,139023,6.1,137232
LBY,626,2021,142435,5.61,140451
LBY,626,2022,145658,6.92,143956
LBY,626,2023,147352,5.36,145660
LBY,640,2000,193393,14.14,54012
LBY,640,2001,194918,14.08,55670
LBY,640,2002,196708,13.93,57312
LBY,640,2003,198371,13.86,58987
LBY,640,2004,199847,13.73,60735
LBY,640,2005,201956,13.65,62455
LBY,640,2006,204791,13.65,64203
LBY,640,2007,202438,13.32,65900
LBY,640,2008,204498,13.22,67582
LBY,640,2009,205050,13.06,69326
LBY,640,2010,205367,12.87,71140
LBY,640,2011,205192,10.2,73021
LBY,640,2012,203881,11.91,74897
LBY,640,2013,202605,11.86,76851
LBY,640,2014,202578,10.11,78863
LBY,640,2015,201886,9.91,80760
LBY,640,2016,201754,9.92,82459
LBY,640,2017,201655,10.24,84211
LBY,640,2018,201453,10.27,86016
LBY,640,2019,201581,9.91,87780
LBY,640,2020,203525,8.97,89159
LBY,640,2021,204419,8.08,90535
LBY,640,2022,199911,9.54,91946
LBY,640,2023,198493,7.24,92956
LBY,653,2000,31986,2.32,31474
LBY,653,2001,32399,2.33,31871
LBY,653,2002,32903,2.32,32355
LBY,653,2003,33343,2.32,32772
LBY,653,2004,33801,2.31,33197
LBY,653,2005,34250,2.3,33609
LBY,653,2006,34722,2.3,34043
LBY,653,2007,35153,2.3,34443
LBY,653,2008,35519,2.28,34793
LBY,653,2009,35952,2.28,35198
LBY,653,2010,36373,2.26,35598
LBY,653,2011,36729,1.82,35910
LBY,653,2012,37078,2.15,36219
LBY,653,2013,37397,2.18,36536
LBY,653,2014,37801,1.88,36915
LBY,653,2015,38203,1.87,37301
LBY,653,2016,38487,1.88,37585
LBY,653,2017,38803,1.96,37862
LBY,653,2018,39138,1.98,38155
LBY,653,2019,39538,1.93,38499
LBY,653,2020,39752,1.74,38639
LBY,653,2021,39961,1.57,38742
LBY,653,2022,40125,1.9,38979
LBY,653,2023,40362,1.47,39163
LBY,669,2000,26356,1.92,26356
LBY,669,2001,27009,1.94,27009
LBY,669,2002,27664,1.95,27664
LBY,669,2003,28349,1.97,28349
LBY,669,2004,29068,1.99,29068
LBY,669,2005,29767,2.0,29767
LBY,669,2006,30488,2.02,30488
LBY,669,2007,31205,2.04,31205
LBY,669,2008,32006,2.06,32006
LBY,669,2009,32889,2.08,32889
LBY,669,2010,33769,2.11,33769
LBY,669,2011,34627,1.71,34627
LBY,669,2012,35583,2.07,35583
LBY,669,2013,36625,2.13,36625
LBY,669,2014,37741,1.88,37741
LBY,669,2015,38815,1.9,38815
LBY,669,2016,39884,1.95,39884
LBY,669,2017,40975,2.07,40975
LBY,669,2018,42143,2.14,42143
LBY,669,2019,43413,2.13,43413
LBY,669,2020,44386,1.95,44386
LBY,669,2021,45148,1.78,45148
LBY,669,2022,46198,2.19,46198
LBY,669,2023,47544,1.73,47544
LBY,688,2000,87500,6.41,8821
LBY,688,2001,88278,6.38,8997
LBY,688,2002,89905,6.38,9208
LBY,688,2003,89320,6.25,9454
LBY,688,2004,92838,6.39,9710
LBY,688,2005,92853,6.28,9945
LBY,688,2006,95757,6.39,10133
LBY,688,2007,94508,6.22,10273
LBY,688,2008,89847,5.82,10400
LBY,688,2009,86978,5.55,10577
LBY,688,2010,89601,5.63,10815
LBY,688,2011,84333,4.2,11099
LBY,688,2012,87211,5.1,11407
LBY,688,2013,82893,4.86,11738
LBY,688,2014,82857,4.14,12075
LBY,688,2015,92113,4.53,12392
LBY,688,2016,79435,3.91,12598
LBY,688,2017,84364,4.3,12738
LBY,688,2018,80486,4.11,12886
LBY,688,2019,80007,3.94,13128
LBY,688,2020,81654,3.6,13400
LBY,688,2021,83538,3.31,13611
LBY,688,2022,80382,3.84,13881
LBY,688,2023,81456,2.98,14190
LBY,696,2000,77923,5.7,23841
LBY,696,2001,78487,5.67,24534
LBY,696,2002,79344,5.62,25347
LBY,696,2003,79856,5.58,26283
LBY,696,2004,80885,5.56,27239
LBY,696,2005,81952,5.54,28192
LBY,696,2006,83100,5.54,29103
LBY,696,2007,83744,5.51,29971
LBY,696,2008,83441,5.39,30818
LBY,696,2009,83844,5.34,31707
LBY,696,2010,83751,5.25,32565
LBY,696,2011,91041,4.53,33299
LBY,696,2012,86044,5.03,33903
LBY,696,2013,87167,5.11,34463
LBY,696,2014,86441,4.32,35003
LBY,696,2015,86849,4.27,35542
LBY,696,2016,86232,4.24,35877
LBY,696,2017,86061,4.38,35993
LBY,696,2018,86263,4.4,36074
LBY,696,2019,86742,4.27,36261
LBY,696,2020,87362,3.85,36547
LBY,696,2021,89460,3.54,37298
LBY,696,2022,87802,4.19,38434
LBY,696,2023,769048,28.14,50035
LBY,717,2000,33468,2.45,6946
LBY,717,2001,31504,2.28,6960
LBY,717,2002,32830,2.33,7041
LBY,717,2003,33660,2.36,7128
LBY,717,2004,33355,2.3,7202
LBY,717,2005,33232,2.25,7296
LBY,717,2006,33489,2.24,8011
LBY,717,2007,35277,2.32,9401
LBY,717,2008,42114,2.73,11252
LBY,717,2009,41386,2.64,12789
LBY,717,2010,44444,2.79,13753
LBY,717,2011,424268,21.14,30597
LBY,717,2012,109142,6.39,22427
LBY,717,2013,80263,4.71,23303
LBY,717,2014,337927,16.91,31719
LBY,717,2015,328851,16.19,35271
LBY,717,2016,314350,15.49,38903
LBY,717,2017,216295,11.02,38655
LBY,717,2018,178881,9.15,38817
LBY,717,2019,218787,10.79,43107
LBY,717,2020,168827,7.46,42846
LBY,717,2021,71089,2.81,36282
LBY,717,2022,72582,3.47,32769
LBY,717,2023,66695,2.44,32492
LBY,955,2000,3471,0.25,533
LBY,955,2001,3375,0.24,566
LBY,955,2002,3545,0.25,595
LBY,955,2003,3742,0.26,630
LBY,955,2004,3867,0.27,662
LBY,955,2005,3894,0.26,690
LBY,955,2006,3866,0.26,722
LBY,955,2007,3889,0.26,742
LBY,955,2008,3870,0.25,767
LBY,955,2009,3911,0.25,785
LBY,955,2010,3990,0.25,809
LBY,955,2011,4013,0.2,829
LBY,955,2012,3967,0.23,850
LBY,955,2013,4037,0.24,869
LBY,955,2014,3720,0.19,885
LBY,955,2015,3631,0.18,905
LBY,955,2016,3396,0.17,921
LBY,955,2017,3403,0.17,933
LBY,955,2018,3397,0.17,945
LBY,955,2019,3427,0.17,952
LBY,955,2020,3309,0.15,965
LBY,955,2021,3216,0.13,978
LBY,955,2022,3445,0.16,993
LBY,955,2023,3505,0.13,1000
LBY,956,2000,45292,3.32,5771
LBY,956,2001,44917,3.25,5859
LBY,956,2002,45007,3.19,5923
LBY,956,2003,44897,3.14,6005
LBY,956,2004,43979,3.02,6083
LBY,956,2005,43202,2.92,6153
LBY,956,2006,42140,2.81,6230
LBY,956,2007,42443,2.8,6289
LBY,956,2008,42712,2.76,6345
LBY,956,2009,43239,2.76,6409
LBY,956,2010,43610,2.74,6479
LBY,956,2011,44806,2.23,6554
LBY,956,2012,44478,2.6,6667
LBY,956,2013,44641,2.62,6766
LBY,956,2014,45848,2.29,6895
LBY,956,2015,46182,2.27,7007
LBY,956,2016,46839,2.31,7087
LBY,956,2017,46605,2.37,7168
LBY,956,2018,45336,2.32,7257
LBY,956,2019,45126,2.22,7344
LBY,956,2020,259785,11.48,31025
LBY,956,2021,525594,20.82,52944
LBY,956,2022,137573,6.56,42837
LBY,956,2023,64660,2.36,22548
LBY,957,2000,12327,0.9,2921
LBY,957,2001,11567,0.84,2921
LBY,957,2002,11047,0.78,2943
LBY,957,2003,10521,0.74,2986
LBY,957,2004,10023,0.69,3014
LBY,957,2005,9617,0.65,3055
LBY,957,2006,9290,0.62,3090
LBY,957,2007,9262,0.61,3142
LBY,957,2008,8932,0.58,3179
LBY,957,2009,8619,0.55,3229
LBY,957,2010,8325,0.52,3266
LBY,957,2011,8228,0.41,3287
LBY,957,2012,7968,0.46,3300
LBY,957,2013,7743,0.45,3318
LBY,957,2014,7655,0.38,3338
LBY,957,2015,7478,0.37,3356
LBY,957,2016,7439,0.36,3358
LBY,957,2017,7313,0.37,3326
LBY,957,2018,7127,0.36,3310
LBY,957,2019,7053,0.35,3310
LBY,957,2020,6956,0.31,3366
LBY,957,2021,7064,0.28,3549
LBY,957,2022,7423,0.35,3784
LBY,957,2023,7441,0.27,3921
LBY,961,2000,25300,1.85,2618
LBY,961,2001,23671,1.71,2616
LBY,961,2002,22383,1.59,2622
LBY,961,2003,21077,1.47,2599
LBY,961,2004,19730,1.36,2584
LBY,961,2005,18200,1.23,2579
LBY,961,2006,13129,0.88,2521
LBY,961,2007,12143,0.8,2513
LBY,961,2008,11735,0.76,2505
LBY,961,2009,11725,0.75,2511
LBY,961,2010,11489,0.72,2532
LBY,961,2011,12656,0.63,2589
LBY,961,2012,12537,0.73,2652
LBY,961,2013,12588,0.74,2727
LBY,961,2014,13271,0.66,2804
LBY,961,2015,14174,0.7,2881
LBY,961,2016,14191,0.7,2913
LBY,961,2017,14161,0.72,2936
LBY,961,2018,12363,0.63,2915
LBY,961,2019,11083,0.55,2903
LBY,961,2020,10713,0.47,2914
LBY,961,2021,10577,0.42,2927
LBY,961,2022,11250,0.54,2949
LBY,961,2023,11660,0.43,2881
LBY,962,2000,95101,6.96,11028
LBY,962,2001,93101,6.73,11240
LBY,962,2002,91334,6.48,11434
LBY,962,2003,88616,6.2,11638
LBY,962,2004,85381,5.87,11822
LBY,962,2005,82236,5.57,12028
LBY,962,2006,78964,5.27,12202
LBY,962,2007,77672,5.12,12324
LBY,962,2008,75144,4.86,12468
LBY,962,2009,73841,4.71,12592
LBY,962,2010,72162,4.53,12710
LBY,962,2011,72615,3.61,12768
LBY,962,2012,70042,4.1,12800
LBY,962,2013,68958,4.04,12811
LBY,962,2014,69816,3.49,12816
LBY,962,2015,69937,3.44,12894
LBY,962,2016,69867,3.44,13090
LBY,962,2017,68646,3.5,13415
LBY,962,2018,66624,3.4,13841
LBY,962,2019,65196,3.21,14199
LBY,962,2020,63515,2.81,14367
LBY,962,2021,61699,2.44,14526
LBY,962,2022,61545,2.94,14656
LBY,962,2023,60073,2.2,14758
LBY,973,2000,12736,0.93,6983
LBY,973,2001,13443,0.97,7362
LBY,973,2002,14173,1.0,7762
LBY,973,2003,14861,1.04,8156
LBY,973,2004,15712,1.08,8576
LBY,973,2005,16639,1.12,9009
LBY,973,2006,17679,1.18,9409
LBY,973,2007,18239,1.2,9791
LBY,973,2008,18538,1.2,10130
LBY,973,2009,18939,1.21,10442
LBY,973,2010,19358,1.21,10803
LBY,973,2011,19762,0.98,11041
LBY,973,2012,20439,1.19,11327
LBY,973,2013,20653,1.21,11581
LBY,973,2014,20893,1.04,11829
LBY,973,2015,21209,1.04,12043
LBY,973,2016,21248,1.04,12197
LBY,973,2017,21520,1.09,12351
LBY,973,2018,21761,1.11,12487
LBY,973,2019,22040,1.08,12575
LBY,973,2020,22158,0.98,12619
LBY,973,2021,22651,0.9,12660
LBY,973,2022,22137,1.06,12700
LBY,973,2023,22432,0.82,12755
LBY,974,2000,50402,3.68,21044
LBY,974,2001,52430,3.78,22247
LBY,974,2002,54696,3.87,23532
LBY,974,2003,57279,4.0,24939
LBY,974,2004,60051,4.12,26440
LBY,974,2005,63041,4.26,27950
LBY,974,2006,65741,4.38,29513
LBY,974,2007,68998,4.54,31179
LBY,974,2008,72281,4.67,32981
LBY,974,2009,76168,4.85,34957
LBY,974,2010,79920,5.01,37041
LBY,974,2011,85633,4.26,39427
LBY,974,2012,90649,5.29,42185
LBY,974,2013,94763,5.55,45237
LBY,974,2014,101068,5.04,48501
LBY,974,2015,106631,5.24,51670
LBY,974,2016,111505,5.48,54714
LBY,974,2017,117727,5.98,57799
LBY,974,2018,123234,6.29,61053
LBY,974,2019,130469,6.42,64580
LBY,974,2020,139780,6.16,68066
LBY,974,2021,152959,6.05,72084
LBY,974,2022,151516,7.23,76712
LBY,974,2023,158632,5.79,81615
MAR,344,2022,27763,0.23,24006
MAR,386,2022,201675,1.66,195964
MAR,410,2022,894237,7.42,18891
MAR,491,2022,3628496,30.15,152192
MAR,508,2022,260882,2.16,113679
MAR,526,2022,301832,2.5,83819
MAR,542,2022,486329,4.02,327195
MAR,558,2022,831010,6.86,831009
MAR,626,2022,817362,6.74,807946
MAR,640,2022,813386,6.73,461104
MAR,653,2022,205074,1.69,191713
MAR,669,2022,303439,2.5,303439
MAR,688,2022,556716,4.62,60987
MAR,696,2022,560587,4.65,171182
MAR,717,2022,118537,0.98,22715
MAR,955,2022,62193,0.52,5853
MAR,956,2022,543958,4.5,213622
MAR,957,2022,62319,0.52,11980
MAR,961,2022,96942,0.8,19609
MAR,962,2022,362382,3.01,96686
MAR,973,2022,102186,0.85,50225
MAR,974,2022,831125,6.89,310938
TUN,344,2022,12774,0.34,11621
TUN,386,2022,28541,0.77,24378
TUN,410,2022,426201,11.55,16084
TUN,491,2022,419252,11.36,52751
TUN,508,2022,112314,3.04,46855
TUN,526,2022,103118,2.79,27161
TUN,542,2022,192261,5.19,110398
TUN,558,2022,311596,8.39,311561
TUN,626,2022,277234,7.46,273151
TUN,640,2022,298677,8.07,146799
TUN,653,2022,67382,1.81,61519
TUN,669,2022,102814,2.77,102814
TUN,688,2022,105887,2.87,17992
TUN,696,2022,188260,5.09,87547
TUN,717,2022,25921,0.7,6883
TUN,955,2022,8271,0.22,1900
TUN,956,2022,415505,11.25,66951
TUN,957,2022,23388,0.63,6631
TUN,961,2022,26375,0.71,3541
TUN,962,2022,233497,6.33,23020
TUN,973,2022,26437,0.72,16472
TUN,974,2022,293683,7.94,118555
