indicator_code,iso3,year,sex,value,low,high
GHED_CHEGDP_SHA2011,DZA,2000,both,3.215,,
GHED_CHEGDP_SHA2011,DZA,2001,both,3.536,,
GHED_CHEGDP_SHA2011,DZA,2002,both,3.442,,
GHED_CHEGDP_SHA2011,DZA,2003,both,3.326,,
GHED_CHEGDP_SHA2011,DZA,2004,both,3.29,,
GHED_CHEGDP_SHA2011,DZA,2005,both,3.119,,
GHED_CHEGDP_SHA2011,DZA,2006,both,3.19,,
GHED_CHEGDP_SHA2011,DZA,2007,both,3.62,,
GHED_CHEGDP_SHA2011,DZA,2008,both,3.983,,
GHED_CHEGDP_SHA2011,DZA,2009,both,4.892,,
GHED_CHEGDP_SHA2011,DZA,2010,both,4.64,,
GHED_CHEGDP_SHA2011,DZA,2011,both,4.826,,
GHED_CHEGDP_SHA2011,DZA,2012,both,5.637,,
GHED_CHEGDP_SHA2011,DZA,2013,both,5.645,,
GHED_CHEGDP_SHA2011,DZA,2014,both,6.015,,
GHED_CHEGDP_SHA2011,DZA,2015,both,6.334,,
GHED_CHEGDP_SHA2011,DZA,2016,both,6.001,,
GHED_CHEGDP_SHA2011,DZA,2017,both,5.948,,
GHED_CHEGDP_SHA2011,DZA,2018,both,5.932,,
GHED_CHEGDP_SHA2011,DZA,2019,both,5.417,,
GHED_CHEGDP_SHA2011,DZA,2020,both,5.638,,
GHED_CHEGDP_SHA2011,DZA,2021,both,5.022,,
GHED_CHEGDP_SHA2011,DZA,2022,both,3.635,,
GHED_CHEGDP_SHA2011,DZA,2023,both,4.351,,
GHED_CHEGDP_SHA2011,EGY,2000,both,4.922,,
GHED_CHEGDP_SHA2011,EGY,2001,both,5.4,,
GHED_CHEGDP_SHA2011,EGY,2002,both,5.511,,
GHED_CHEGDP_SHA2011,EGY,2003,both,5.224,,
GHED_CHEGDP_SHA2011,EGY,2004,both,4.857,,
GHED_CHEGDP_SHA2011,EGY,2005,both,4.922,,
GHED_CHEGDP_SHA2011,EGY,2006,both,4.842,,
GHED_CHEGDP_SHA2011,EGY,2007,both,4.445,,
GHED_CHEGDP_SHA2011,EGY,2008,both,4.466,,
GHED_CHEGDP_SHA2011,EGY,2009,both,4.379,,
GHED_CHEGDP_SHA2011,EGY,2010,both,4.153,,
GHED_CHEGDP_SHA2011,EGY,2011,both,4.357,,
GHED_CHEGDP_SHA2011,EGY,2012,both,4.459,,
GHED_CHEGDP_SHA2011,EGY,2013,both,4.671,,
GHED_CHEGDP_SHA2011,EGY,2014,both,4.774,,
GHED_CHEGDP_SHA2011,EGY,2015,both,5.062,,
GHED_CHEGDP_SHA2011,EGY,2016,both,5.075,,
GHED_CHEGDP_SHA2011,EGY,2017,both,5.347,,
GHED_CHEGDP_SHA2011,EGY,2018,both,4.749,,
GHED_CHEGDP_SHA2011,EGY,2019,both,4.599,,
GHED_CHEGDP_SHA2011,EGY,2020,both,4.154,,
GHED_CHEGDP_SHA2011,EGY,2021,both,4.61,,
GHED_CHEGDP_SHA2011,EGY,2022,both,4.724,,
GHED_CHEGDP_SHA2011,EGY,2023,both,4.884,,
GHED_CHEGDP_SHA2011,LBY,2000,both,3.319,,
GHED_CHEGDP_SHA2011,LBY,2001,both,3.926,,
GHED_CHEGDP_SHA2011,LBY,2002,both,4.738,,
GHED_CHEGDP_SHA2011,LBY,2003,both,3.973,,
GHED_CHEGDP_SHA2011,LBY,2004,both,3.383,,
GHED_CHEGDP_SHA2011,LBY,2005,both,2.517,,
GHED_CHEGDP_SHA2011,LBY,2006,both,2.3,,
GHED_CHEGDP_SHA2011,LBY,2007,both,2.419,,
GHED_CHEGDP_SHA2011,LBY,2008,both,2.244,,
GHED_CHEGDP_SHA2011,LBY,2009,both,3.583,,
GHED_CHEGDP_SHA2011,LBY,2010,both,3.281,,
GHED_CHEGDP_SHA2011,LBY,2011,both,4.019,,
GHED_CHEGDP_SHA2011,LBY,2012,both,3.956,,
GHED_CHEGDP_SHA2011,LBY,2013,both,4.975,,
GHED_CHEGDP_SHA2011,LBY,2014,both,5.178,,
GHED_CHEGDP_SHA2011,LBY,2015,both,5.806,,
GHED_CHEGDP_SHA2011,LBY,2016,both,6.172,,
GHED_CHEGDP_SHA2011,LBY,2017,both,4.677,,
GHED_CHEGDP_SHA2011,LBY,2018,both,4.866,,
GHED_CHEGDP_SHA2011,LBY,2019,both,5.548,,
GHED_CHEGDP_SHA2011,LBY,2020,both,7.107,,
GHED_CHEGDP_SHA2011,LBY,2021,both,6.055,,
GHED_CHEGDP_SHA2011,LBY,2022,both,4.744,,
GHED_CHEGDP_SHA2011,LBY,2023,both,7.805,,
GHED_CHEGDP_SHA2011,MAR,2000,both,3.693,,
GHED_CHEGDP_SHA2011,MAR,2001,both,3.816,,
GHED_CHEGDP_SHA2011,MAR,2002,both,4.061,,
GHED_CHEGDP_SHA2011,MAR,2003,both,4.08,,
GHED_CHEGDP_SHA2011,MAR,2004,both,4.232,,
GHED_CHEGDP_SHA2011,MAR,2005,both,4.374,,
GHED_CHEGDP_SHA2011,MAR,2006,both,4.566,,
GHED_CHEGDP_SHA2011,MAR,2007,both,4.808,,
GHED_CHEGDP_SHA2011,MAR,2008,both,4.838,,
GHED_CHEGDP_SHA2011,MAR,2009,both,5.273,,
GHED_CHEGDP_SHA2011,MAR,2010,both,5.419,,
GHED_CHEGDP_SHA2011,MAR,2011,both,5.37,,
GHED_CHEGDP_SHA2011,MAR,2012,both,5.396,,
GHED_CHEGDP_SHA2011,MAR,2013,both,5.255,,
GHED_CHEGDP_SHA2011,MAR,2014,both,5.416,,
GHED_CHEGDP_SHA2011,MAR,2015,both,5.104,,
GHED_CHEGDP_SHA2011,MAR,2016,both,5.092,,
GHED_CHEGDP_SHA2011,MAR,2017,both,4.989,,
GHED_CHEGDP_SHA2011,MAR,2018,both,4.945,,
GHED_CHEGDP_SHA2011,MAR,2019,both,5.02,,
GHED_CHEGDP_SHA2011,MAR,2020,both,5.789,,
GHED_CHEGDP_SHA2011,MAR,2021,both,5.453,,
GHED_CHEGDP_SHA2011,MAR,2022,both,5.753,,
GHED_CHEGDP_SHA2011,MAR,2023,both,6.064,,
GHED_CHEGDP_SHA2011,TUN,2000,both,4.813,,
GHED_CHEGDP_SHA2011,TUN,2001,both,4.861,,
GHED_CHEGDP_SHA2011,TUN,2002,both,5.12,,
GHED_CHEGDP_SHA2011,TUN,2003,both,5.209,,
GHED_CHEGDP_SHA2011,TUN,2004,both,5.199,,
GHED_CHEGDP_SHA2011,TUN,2005,both,5.146,,
GHED_CHEGDP_SHA2011,TUN,2006,both,5.131,,
GHED_CHEGDP_SHA2011,TUN,2007,both,5.175,,
GHED_CHEGDP_SHA2011,TUN,2008,both,5.164,,
GHED_CHEGDP_SHA2011,TUN,2009,both,5.406,,
GHED_CHEGDP_SHA2011,TUN,2010,both,5.61,,
GHED_CHEGDP_SHA2011,TUN,2011,both,6.123,,
GHED_CHEGDP_SHA2011,TUN,2012,both,6.29,,
GHED_CHEGDP_SHA2011,TUN,2013,both,6.514,,
GHED_CHEGDP_SHA2011,TUN,2014,both,6.45,,
GHED_CHEGDP_SHA2011,TUN,2015,both,6.213,,
GHED_CHEGDP_SHA2011,TUN,2016,both,6.248,,
GHED_CHEGDP_SHA2011,TUN,2017,both,6.186,,
GHED_CHEGDP_SHA2011,TUN,2018,both,5.938,,
GHED_CHEGDP_SHA2011,TUN,2019,both,6.025,,
GHED_CHEGDP_SHA2011,TUN,2020,both,7.056,,
GHED_CHEGDP_SHA2011,TUN,2021,both,7.342,,
GHED_CHEGDP_SHA2011,TUN,2022,both,7.513,,
GHED_CHEGDP_SHA2011,TUN,2023,both,7.985,,
GHED_CHE_pc_US_SHA2011,DZA,2000,both,61.858,,
GHED_CHE_pc_US_SHA2011,DZA,2001,both,67.059,,
GHED_CHE_pc_US_SHA2011,DZA,2002,both,66.682,,
GHED_CHE_pc_US_SHA2011,DZA,2003,both,75.951,,
GHED_CHE_pc_US_SHA2011,DZA,2004,both,92.688,,
GHED_CHE_pc_US_SHA2011,DZA,2005,both,100.837,,
GHED_CHE_pc_US_SHA2011,DZA,2006,both,116.775,,
GHED_CHE_pc_US_SHA2011,DZA,2007,both,150.867,,
GHED_CHE_pc_US_SHA2011,DZA,2008,both,206.372,,
GHED_CHE_pc_US_SHA2011,DZA,2009,both,207.202,,
GHED_CHE_pc_US_SHA2011,DZA,2010,both,227.954,,
GHED_CHE_pc_US_SHA2011,DZA,2011,both,285.502,,
GHED_CHE_pc_US_SHA2011,DZA,2012,both,340.092,,
GHED_CHE_pc_US_SHA2011,DZA,2013,both,337.573,,
GHED_CHE_pc_US_SHA2011,DZA,2014,both,366.586,,
GHED_CHE_pc_US_SHA2011,DZA,2015,both,296.768,,
GHED_CHE_pc_US_SHA2011,DZA,2016,both,265.535,,
GHED_CHE_pc_US_SHA2011,DZA,2017,both,270.932,,
GHED_CHE_pc_US_SHA2011,DZA,2018,both,271.538,,
GHED_CHE_pc_US_SHA2011,DZA,2019,both,242.07,,
GHED_CHE_pc_US_SHA2011,DZA,2020,both,211.072,,
GHED_CHE_pc_US_SHA2011,DZA,2021,both,208.939,,
GHED_CHE_pc_US_SHA2011,DZA,2022,both,180.335,,
GHED_CHE_pc_US_SHA2011,DZA,2023,both,233.379,,
GHED_CHE_pc_US_SHA2011,EGY,2000,both,69.372,,
GHED_CHE_pc_US_SHA2011,EGY,2001,both,68.673,,
GHED_CHE_pc_US_SHA2011,EGY,2002,both,63.999,,
GHED_CHE_pc_US_SHA2011,EGY,2003,both,50.348,,
GHED_CHE_pc_US_SHA2011,EGY,2004,both,50.331,,
GHED_CHE_pc_US_SHA2011,EGY,2005,both,59.468,,
GHED_CHE_pc_US_SHA2011,EGY,2006,both,66.327,,
GHED_CHE_pc_US_SHA2011,EGY,2007,both,73.295,,
GHED_CHE_pc_US_SHA2011,EGY,2008,both,90.158,,
GHED_CHE_pc_US_SHA2011,EGY,2009,both,98.904,,
GHED_CHE_pc_US_SHA2011,EGY,2010,both,105.078,,
GHED_CHE_pc_US_SHA2011,EGY,2011,both,116.229,,
GHED_CHE_pc_US_SHA2011,EGY,2012,both,139.816,,
GHED_CHE_pc_US_SHA2011,EGY,2013,both,139.672,,
GHED_CHE_pc_US_SHA2011,EGY,2014,both,155.065,,
GHED_CHE_pc_US_SHA2011,EGY,2015,both,170.255,,
GHED_CHE_pc_US_SHA2011,EGY,2016,both,142.618,,
GHED_CHE_pc_US_SHA2011,EGY,2017,both,106.003,,
GHED_CHE_pc_US_SHA2011,EGY,2018,both,118.015,,
GHED_CHE_pc_US_SHA2011,EGY,2019,both,142.697,,
GHED_CHE_pc_US_SHA2011,EGY,2020,both,148.353,,
GHED_CHE_pc_US_SHA2011,EGY,2021,both,176.937,,
GHED_CHE_pc_US_SHA2011,EGY,2022,both,171.679,,
GHED_CHE_pc_US_SHA2011,EGY,2023,both,141.411,,
GHED_CHE_pc_US_SHA2011,LBY,2000,both,247.113,,
GHED_CHE_pc_US_SHA2011,LBY,2001,both,255.771,,
GHED_CHE_pc_US_SHA2011,LBY,2002,both,181.731,,
GHED_CHE_pc_US_SHA2011,LBY,2003,both,189.727,,
GHED_CHE_pc_US_SHA2011,LBY,2004,both,200.836,,
GHED_CHE_pc_US_SHA2011,LBY,2005,both,209.878,,
GHED_CHE_pc_US_SHA2011,LBY,2006,both,231.12,,
GHED_CHE_pc_US_SHA2011,LBY,2007,both,269.631,,
GHED_CHE_pc_US_SHA2011,LBY,2008,both,312.112,,
GHED_CHE_pc_US_SHA2011,LBY,2009,both,342.204,,
GHED_CHE_pc_US_SHA2011,LBY,2010,both,380.586,,
GHED_CHE_pc_US_SHA2011,LBY,2011,both,305.2,,
GHED_CHE_pc_US_SHA2011,LBY,2012,both,592.464,,
GHED_CHE_pc_US_SHA2011,LBY,2013,both,594.653,,
GHED_CHE_pc_US_SHA2011,LBY,2014,both,462.192,,
GHED_CHE_pc_US_SHA2011,LBY,2015,both,433.068,,
GHED_CHE_pc_US_SHA2011,LBY,2016,both,464.475,,
GHED_CHE_pc_US_SHA2011,LBY,2017,both,466.085,,
GHED_CHE_pc_US_SHA2011,LBY,2018,both,544.881,,
GHED_CHE_pc_US_SHA2011,LBY,2019,both,552.732,,
GHED_CHE_pc_US_SHA2011,LBY,2020,both,472.622,,
GHED_CHE_pc_US_SHA2011,LBY,2021,both,298.843,,
GHED_CHE_pc_US_SHA2011,LBY,2022,both,284.026,,
GHED_CHE_pc_US_SHA2011,LBY,2023,both,470.403,,
GHED_CHE_pc_US_SHA2011,MAR,2000,both,54.64,,
GHED_CHE_pc_US_SHA2011,MAR,2001,both,56.554,,
GHED_CHE_pc_US_SHA2011,MAR,2002,both,63.58,,
GHED_CHE_pc_US_SHA2011,MAR,2003,both,77.746,,
GHED_CHE_pc_US_SHA2011,MAR,2004,both,91.173,,
GHED_CHE_pc_US_SHA2011,MAR,2005,both,97.197,,
GHED_CHE_pc_US_SHA2011,MAR,2006,both,110.224,,
GHED_CHE_pc_US_SHA2011,MAR,2007,both,131.864,,
GHED_CHE_pc_US_SHA2011,MAR,2008,both,153.237,,
GHED_CHE_pc_US_SHA2011,MAR,2009,both,165.507,,
GHED_CHE_pc_US_SHA2011,MAR,2010,both,168.366,,
GHED_CHE_pc_US_SHA2011,MAR,2011,both,179,,
GHED_CHE_pc_US_SHA2011,MAR,2012,both,172.044,,
GHED_CHE_pc_US_SHA2011,MAR,2013,both,179.82,,
GHED_CHE_pc_US_SHA2011,MAR,2014,both,188.642,,
GHED_CHE_pc_US_SHA2011,MAR,2015,both,162.852,,
GHED_CHE_pc_US_SHA2011,MAR,2016,both,162.215,,
GHED_CHE_pc_US_SHA2011,MAR,2017,both,166.85,,
GHED_CHE_pc_US_SHA2011,MAR,2018,both,175.705,,
GHED_CHE_pc_US_SHA2011,MAR,2019,both,178.739,,
GHED_CHE_pc_US_SHA2011,MAR,2020,both,192.04,,
GHED_CHE_pc_US_SHA2011,MAR,2021,both,209.573,,
GHED_CHE_pc_US_SHA2011,MAR,2022,both,201.811,,
GHED_CHE_pc_US_SHA2011,MAR,2023,both,232.248,,
GHED_CHE_pc_US_SHA2011,TUN,2000,both,111.014,,
GHED_CHE_pc_US_SHA2011,TUN,2001,both,114.005,,
GHED_CHE_pc_US_SHA2011,TUN,2002,both,124.646,,
GHED_CHE_pc_US_SHA2011,TUN,2003,both,148.934,,
GHED_CHE_pc_US_SHA2011,TUN,2004,both,167.276,,
GHED_CHE_pc_US_SHA2011,TUN,2005,both,169.846,,
GHED_CHE_pc_US_SHA2011,TUN,2006,both,178.826,,
GHED_CHE_pc_US_SHA2011,TUN,2007,both,202.32,,
GHED_CHE_pc_US_SHA2011,TUN,2008,both,230.502,,
GHED_CHE_pc_US_SHA2011,TUN,2009,both,231.359,,
GHED_CHE_pc_US_SHA2011,TUN,2010,both,240.754,,
GHED_CHE_pc_US_SHA2011,TUN,2011,both,270.675,,
GHED_CHE_pc_US_SHA2011,TUN,2012,both,270.291,,
GHED_CHE_pc_US_SHA2011,TUN,2013,both,284.645,,
GHED_CHE_pc_US_SHA2011,TUN,2014,both,287.61,,
GHED_CHE_pc_US_SHA2011,TUN,2015,both,249.464,,
GHED_CHE_pc_US_SHA2011,TUN,2016,both,240.403,,
GHED_CHE_pc_US_SHA2011,TUN,2017,both,223.859,,
GHED_CHE_pc_US_SHA2011,TUN,2018,both,215.418,,
GHED_CHE_pc_US_SHA2011,TUN,2019,both,212.6,,
GHED_CHE_pc_US_SHA2011,TUN,2020,both,250.401,,
GHED_CHE_pc_US_SHA2011,TUN,2021,both,285.252,,
GHED_CHE_pc_US_SHA2011,TUN,2022,both,276.464,,
GHED_CHE_pc_US_SHA2011,TUN,2023,both,317.71,,
GHED_GGHE-D_pc_US_SHA2011,DZA,2000,both,44.515,,
GHED_GGHE-D_pc_US_SHA2011,DZA,2001,both,51.117,,
GHED_GGHE-D_pc_US_SHA2011,DZA,2002,both,50.197,,
GHED_GGHE-D_pc_US_SHA2011,DZA,2003,both,58.25,,
GHED_GGHE-D_pc_US_SHA2011,DZA,2004,both,66.136,,
GHED_GGHE-D_pc_US_SHA2011,DZA,2005,both,69.871,,
GHED_GGHE-D_pc_US_SHA2011,DZA,2006,both,79.947,,
GHED_GGHE-D_pc_US_SHA2011,DZA,2007,both,105.286,,
GHED_GGHE-D_pc_US_SHA2011,DZA,2008,both,148.578,,
GHED_GGHE-D_pc_US_SHA2011,DZA,2009,both,146.873,,
GHED_GGHE-D_pc_US_SHA2011,DZA,2010,both,158.387,,
GHED_GGHE-D_pc_US_SHA2011,DZA,2011,both,201.614,,
GHED_GGHE-D_pc_US_SHA2011,DZA,2012,both,243.019,,
GHED_GGHE-D_pc_US_SHA2011,DZA,2013,both,234.156,,
GHED_GGHE-D_pc_US_SHA2011,DZA,2014,both,257.114,,
GHED_GGHE-D_pc_US_SHA2011,DZA,2015,both,203.297,,
GHED_GGHE-D_pc_US_SHA2011,DZA,2016,both,174.487,,
GHED_GGHE-D_pc_US_SHA2011,DZA,2017,both,175.106,,
GHED_GGHE-D_pc_US_SHA2011,DZA,2018,both,175.981,,
GHED_GGHE-D_pc_US_SHA2011,DZA,2019,both,146.386,,
GHED_GGHE-D_pc_US_SHA2011,DZA,2020,both,123.981,,
GHED_GGHE-D_pc_US_SHA2011,DZA,2021,both,119.547,,
GHED_GGHE-D_pc_US_SHA2011,DZA,2022,both,85.171,,
GHED_GGHE-D_pc_US_SHA2011,DZA,2023,both,123.868,,
GHED_GGHE-D_pc_US_SHA2011,EGY,2000,both,24.41,,
GHED_GGHE-D_pc_US_SHA2011,EGY,2001,both,23.5,,
GHED_GGHE-D_pc_US_SHA2011,EGY,2002,both,22.055,,
GHED_GGHE-D_pc_US_SHA2011,EGY,2003,both,16.072,,
GHED_GGHE-D_pc_US_SHA2011,EGY,2004,both,16.363,,
GHED_GGHE-D_pc_US_SHA2011,EGY,2005,both,19.201,,
GHED_GGHE-D_pc_US_SHA2011,EGY,2006,both,23.894,,
GHED_GGHE-D_pc_US_SHA2011,EGY,2007,both,25.865,,
GHED_GGHE-D_pc_US_SHA2011,EGY,2008,both,31.008,,
GHED_GGHE-D_pc_US_SHA2011,EGY,2009,both,34.663,,
GHED_GGHE-D_pc_US_SHA2011,EGY,2010,both,34.603,,
GHED_GGHE-D_pc_US_SHA2011,EGY,2011,both,39.337,,
GHED_GGHE-D_pc_US_SHA2011,EGY,2012,both,40.141,,
GHED_GGHE-D_pc_US_SHA2011,EGY,2013,both,40.875,,
GHED_GGHE-D_pc_US_SHA2011,EGY,2014,both,45.81,,
GHED_GGHE-D_pc_US_SHA2011,EGY,2015,both,53.194,,
GHED_GGHE-D_pc_US_SHA2011,EGY,2016,both,44.021,,
GHED_GGHE-D_pc_US_SHA2011,EGY,2017,both,32.831,,
GHED_GGHE-D_pc_US_SHA2011,EGY,2018,both,33.594,,
GHED_GGHE-D_pc_US_SHA2011,EGY,2019,both,40.246,,
GHED_GGHE-D_pc_US_SHA2011,EGY,2020,both,47.364,,
GHED_GGHE-D_pc_US_SHA2011,EGY,2021,both,66.667,,
GHED_GGHE-D_pc_US_SHA2011,EGY,2022,both,61.288,,
GHED_GGHE-D_pc_US_SHA2011,EGY,2023,both,45.605,,
GHED_GGHE-D_pc_US_SHA2011,LBY,2000,both,120.366,,
GHED_GGHE-D_pc_US_SHA2011,LBY,2001,both,139.324,,
GHED_GGHE-D_pc_US_SHA2011,LBY,2002,both,121.598,,
GHED_GGHE-D_pc_US_SHA2011,LBY,2003,both,125.685,,
GHED_GGHE-D_pc_US_SHA2011,LBY,2004,both,132.123,,
GHED_GGHE-D_pc_US_SHA2011,LBY,2005,both,135.693,,
GHED_GGHE-D_pc_US_SHA2011,LBY,2006,both,151.057,,
GHED_GGHE-D_pc_US_SHA2011,LBY,2007,both,179.383,,
GHED_GGHE-D_pc_US_SHA2011,LBY,2008,both,211.169,,
GHED_GGHE-D_pc_US_SHA2011,LBY,2009,both,235.412,,
GHED_GGHE-D_pc_US_SHA2011,LBY,2010,both,266.175,,
GHED_GGHE-D_pc_US_SHA2011,LBY,2011,both,193.173,,
GHED_GGHE-D_pc_US_SHA2011,LBY,2012,both,437.146,,
GHED_GGHE-D_pc_US_SHA2011,LBY,2013,both,436.456,,
GHED_GGHE-D_pc_US_SHA2011,LBY,2014,both,306.1,,
GHED_GGHE-D_pc_US_SHA2011,LBY,2015,both,299.971,,
GHED_GGHE-D_pc_US_SHA2011,LBY,2016,both,313.443,,
GHED_GGHE-D_pc_US_SHA2011,LBY,2017,both,308.474,,
GHED_GGHE-D_pc_US_SHA2011,LBY,2018,both,389.813,,
GHED_GGHE-D_pc_US_SHA2011,LBY,2019,both,394.078,,
GHED_GGHE-D_pc_US_SHA2011,LBY,2020,both,371.555,,
GHED_GGHE-D_pc_US_SHA2011,LBY,2021,both,220.738,,
GHED_GGHE-D_pc_US_SHA2011,LBY,2022,both,188.487,,
GHED_GGHE-D_pc_US_SHA2011,LBY,2023,both,377.02,,
GHED_GGHE-D_pc_US_SHA2011,MAR,2000,both,13.855,,
GHED_GGHE-D_pc_US_SHA2011,MAR,2001,both,14.861,,
GHED_GGHE-D_pc_US_SHA2011,MAR,2002,both,16.927,,
GHED_GGHE-D_pc_US_SHA2011,MAR,2003,both,19.014,,
GHED_GGHE-D_pc_US_SHA2011,MAR,2004,both,21.777,,
GHED_GGHE-D_pc_US_SHA2011,MAR,2005,both,24.503,,
GHED_GGHE-D_pc_US_SHA2011,MAR,2006,both,31.428,,
GHED_GGHE-D_pc_US_SHA2011,MAR,2007,both,38.844,,
GHED_GGHE-D_pc_US_SHA2011,MAR,2008,both,47.56,,
GHED_GGHE-D_pc_US_SHA2011,MAR,2009,both,54.015,,
GHED_GGHE-D_pc_US_SHA2011,MAR,2010,both,54.097,,
GHED_GGHE-D_pc_US_SHA2011,MAR,2011,both,60.302,,
GHED_GGHE-D_pc_US_SHA2011,MAR,2012,both,59.089,,
GHED_GGHE-D_pc_US_SHA2011,MAR,2013,both,62.531,,
GHED_GGHE-D_pc_US_SHA2011,MAR,2014,both,73.065,,
GHED_GGHE-D_pc_US_SHA2011,MAR,2015,both,63.24,,
GHED_GGHE-D_pc_US_SHA2011,MAR,2016,both,63.879,,
GHED_GGHE-D_pc_US_SHA2011,MAR,2017,both,66.253,,
GHED_GGHE-D_pc_US_SHA2011,MAR,2018,both,70.618,,
GHED_GGHE-D_pc_US_SHA2011,MAR,2019,both,72.039,,
GHED_GGHE-D_pc_US_SHA2011,MAR,2020,both,81.784,,
GHED_GGHE-D_pc_US_SHA2011,MAR,2021,both,86.689,,
GHED_GGHE-D_pc_US_SHA2011,MAR,2022,both,101.933,,
GHED_GGHE-D_pc_US_SHA2011,MAR,2023,both,131.296,,
GHED_GGHE-D_pc_US_SHA2011,TUN,2000,both,58.47,,
GHED_GGHE-D_pc_US_SHA2011,TUN,2001,both,59.493,,
GHED_GGHE-D_pc_US_SHA2011,TUN,2002,both,64.523,,
GHED_GGHE-D_pc_US_SHA2011,TUN,2003,both,76.569,,
GHED_GGHE-D_pc_US_SHA2011,TUN,2004,both,85.523,,
GHED_GGHE-D_pc_US_SHA2011,TUN,2005,both,86.317,,
GHED_GGHE-D_pc_US_SHA2011,TUN,2006,both,93.458,,
GHED_GGHE-D_pc_US_SHA2011,TUN,2007,both,108.002,,
GHED_GGHE-D_pc_US_SHA2011,TUN,2008,both,125.105,,
GHED_GGHE-D_pc_US_SHA2011,TUN,2009,both,127.326,,
GHED_GGHE-D_pc_US_SHA2011,TUN,2010,both,134.23,,
GHED_GGHE-D_pc_US_SHA2011,TUN,2011,both,152.697,,
GHED_GGHE-D_pc_US_SHA2011,TUN,2012,both,153.97,,
GHED_GGHE-D_pc_US_SHA2011,TUN,2013,both,168.2,,
GHED_GGHE-D_pc_US_SHA2011,TUN,2014,both,167.198,,
GHED_GGHE-D_pc_US_SHA2011,TUN,2015,both,134.201,,
GHED_GGHE-D_pc_US_SHA2011,TUN,2016,both,131.049,,
GHED_GGHE-D_pc_US_SHA2011,TUN,2017,both,120.19,,
GHED_GGHE-D_pc_US_SHA2011,TUN,2018,both,112.225,,
GHED_GGHE-D_pc_US_SHA2011,TUN,2019,both,125.879,,
GHED_GGHE-D_pc_US_SHA2011,TUN,2020,both,153.025,,
GHED_GGHE-D_pc_US_SHA2011,TUN,2021,both,159.792,,
GHED_GGHE-D_pc_US_SHA2011,TUN,2022,both,145.563,,
GHED_GGHE-D_pc_US_SHA2011,TUN,2023,both,171.835,,
GHED_OOPSCHE_SHA2011,DZA,2000,both,25.795,,
GHED_OOPSCHE_SHA2011,DZA,2001,both,21.669,,
GHED_OOPSCHE_SHA2011,DZA,2002,both,22.525,,
GHED_OOPSCHE_SHA2011,DZA,2003,both,21.149,,
GHED_OOPSCHE_SHA2011,DZA,2004,both,26.094,,
GHED_OOPSCHE_SHA2011,DZA,2005,both,28.094,,
GHED_OOPSCHE_SHA2011,DZA,2006,both,29.121,,
GHED_OOPSCHE_SHA2011,DZA,2007,both,28.089,,
GHED_OOPSCHE_SHA2011,DZA,2008,both,26.147,,
GHED_OOPSCHE_SHA2011,DZA,2009,both,27.45,,
GHED_OOPSCHE_SHA2011,DZA,2010,both,28.882,,
GHED_OOPSCHE_SHA2011,DZA,2011,both,27.873,,
GHED_OOPSCHE_SHA2011,DZA,2012,both,27.216,,
GHED_OOPSCHE_SHA2011,DZA,2013,both,29.278,,
GHED_OOPSCHE_SHA2011,DZA,2014,both,28.564,,
GHED_OOPSCHE_SHA2011,DZA,2015,both,30.193,,
GHED_OOPSCHE_SHA2011,DZA,2016,both,32.895,,
GHED_OOPSCHE_SHA2011,DZA,2017,both,33.937,,
GHED_OOPSCHE_SHA2011,DZA,2018,both,33.764,,
GHED_OOPSCHE_SHA2011,DZA,2019,both,37.923,,
GHED_OOPSCHE_SHA2011,DZA,2020,both,39.643,,
GHED_OOPSCHE_SHA2011,DZA,2021,both,40.502,,
GHED_OOPSCHE_SHA2011,DZA,2022,both,50.13,,
GHED_OOPSCHE_SHA2011,DZA,2023,both,45.002,,
GHED_OOPSCHE_SHA2011,EGY,2000,both,62.489,,
GHED_OOPSCHE_SHA2011,EGY,2001,both,63.826,,
GHED_OOPSCHE_SHA2011,EGY,2002,both,63.767,,
GHED_OOPSCHE_SHA2011,EGY,2003,both,65.405,,
GHED_OOPSCHE_SHA2011,EGY,2004,both,64.553,,
GHED_OOPSCHE_SHA2011,EGY,2005,both,64.583,,
GHED_OOPSCHE_SHA2011,EGY,2006,both,60.417,,
GHED_OOPSCHE_SHA2011,EGY,2007,both,60.327,,
GHED_OOPSCHE_SHA2011,EGY,2008,both,61.824,,
GHED_OOPSCHE_SHA2011,EGY,2009,both,60.437,,
GHED_OOPSCHE_SHA2011,EGY,2010,both,62.628,,
GHED_OOPSCHE_SHA2011,EGY,2011,both,60.495,,
GHED_OOPSCHE_SHA2011,EGY,2012,both,60.884,,
GHED_OOPSCHE_SHA2011,EGY,2013,both,57.935,,
GHED_OOPSCHE_SHA2011,EGY,2014,both,55.121,,
GHED_OOPSCHE_SHA2011,EGY,2015,both,58.83,,
GHED_OOPSCHE_SHA2011,EGY,2016,both,58.997,,
GHED_OOPSCHE_SHA2011,EGY,2017,both,56.398,,
GHED_OOPSCHE_SHA2011,EGY,2018,both,62.61,,
GHED_OOPSCHE_SHA2011,EGY,2019,both,62.506,,
GHED_OOPSCHE_SHA2011,EGY,2020,both,59.314,,
GHED_OOPSCHE_SHA2011,EGY,2021,both,54.902,,
GHED_OOPSCHE_SHA2011,EGY,2022,both,53.728,,
GHED_OOPSCHE_SHA2011,EGY,2023,both,57.195,,
GHED_OOPSCHE_SHA2011,LBY,2000,both,51.291,,
GHED_OOPSCHE_SHA2011,LBY,2001,both,45.528,,
GHED_OOPSCHE_SHA2011,LBY,2002,both,33.089,,
GHED_OOPSCHE_SHA2011,LBY,2003,both,33.755,,
GHED_OOPSCHE_SHA2011,LBY,2004,both,34.214,,
GHED_OOPSCHE_SHA2011,LBY,2005,both,35.347,,
GHED_OOPSCHE_SHA2011,LBY,2006,both,34.627,,
GHED_OOPSCHE_SHA2011,LBY,2007,both,33.442,,
GHED_OOPSCHE_SHA2011,LBY,2008,both,32.266,,
GHED_OOPSCHE_SHA2011,LBY,2009,both,31.101,,
GHED_OOPSCHE_SHA2011,LBY,2010,both,29.974,,
GHED_OOPSCHE_SHA2011,LBY,2011,both,36.668,,
GHED_OOPSCHE_SHA2011,LBY,2012,both,26.105,,
GHED_OOPSCHE_SHA2011,LBY,2013,both,26.548,,
GHED_OOPSCHE_SHA2011,LBY,2014,both,33.626,,
GHED_OOPSCHE_SHA2011,LBY,2015,both,30.718,,
GHED_OOPSCHE_SHA2011,LBY,2016,both,32.495,,
GHED_OOPSCHE_SHA2011,LBY,2017,both,33.781,,
GHED_OOPSCHE_SHA2011,LBY,2018,both,28.241,,
GHED_OOPSCHE_SHA2011,LBY,2019,both,28.017,,
GHED_OOPSCHE_SHA2011,LBY,2020,both,21.141,,
GHED_OOPSCHE_SHA2011,LBY,2021,both,24.391,,
GHED_OOPSCHE_SHA2011,LBY,2022,both,31.849,,
GHED_OOPSCHE_SHA2011,LBY,2023,both,19.177,,
GHED_OOPSCHE_SHA2011,MAR,2000,both,53.866,,
GHED_OOPSCHE_SHA2011,MAR,2001,both,53.254,,
GHED_OOPSCHE_SHA2011,MAR,2002,both,53.847,,
GHED_OOPSCHE_SHA2011,MAR,2003,both,56.205,,
GHED_OOPSCHE_SHA2011,MAR,2004,both,57.376,,
GHED_OOPSCHE_SHA2011,MAR,2005,both,59.656,,
GHED_OOPSCHE_SHA2011,MAR,2006,both,58.749,,
GHED_OOPSCHE_SHA2011,MAR,2007,both,57.183,,
GHED_OOPSCHE_SHA2011,MAR,2008,both,56.413,,
GHED_OOPSCHE_SHA2011,MAR,2009,both,54.498,,
GHED_OOPSCHE_SHA2011,MAR,2010,both,55.613,,
GHED_OOPSCHE_SHA2011,MAR,2011,both,54.24,,
GHED_OOPSCHE_SHA2011,MAR,2012,both,52.746,,
GHED_OOPSCHE_SHA2011,MAR,2013,both,51.667,,
GHED_OOPSCHE_SHA2011,MAR,2014,both,49.156,,
GHED_OOPSCHE_SHA2011,MAR,2015,both,48.954,,
GHED_OOPSCHE_SHA2011,MAR,2016,both,48.847,,
GHED_OOPSCHE_SHA2011,MAR,2017,both,47.966,,
GHED_OOPSCHE_SHA2011,MAR,2018,both,46.985,,
GHED_OOPSCHE_SHA2011,MAR,2019,both,46.558,,
GHED_OOPSCHE_SHA2011,MAR,2020,both,43.408,,
GHED_OOPSCHE_SHA2011,MAR,2021,both,41.795,,
GHED_OOPSCHE_SHA2011,MAR,2022,both,40.544,,
GHED_OOPSCHE_SHA2011,MAR,2023,both,37.254,,
GHED_OOPSCHE_SHA2011,TUN,2000,both,38.63,,
GHED_OOPSCHE_SHA2011,TUN,2001,both,39.448,,
GHED_OOPSCHE_SHA2011,TUN,2002,both,40.205,,
GHED_OOPSCHE_SHA2011,TUN,2003,both,40.896,,
GHED_OOPSCHE_SHA2011,TUN,2004,both,41.519,,
GHED_OOPSCHE_SHA2011,TUN,2005,both,42.116,,
GHED_OOPSCHE_SHA2011,TUN,2006,both,42.675,,
GHED_OOPSCHE_SHA2011,TUN,2007,both,42.868,,
GHED_OOPSCHE_SHA2011,TUN,2008,both,42.793,,
GHED_OOPSCHE_SHA2011,TUN,2009,both,42.521,,
GHED_OOPSCHE_SHA2011,TUN,2010,both,42.106,,
GHED_OOPSCHE_SHA2011,TUN,2011,both,41.583,,
GHED_OOPSCHE_SHA2011,TUN,2012,both,40.978,,
GHED_OOPSCHE_SHA2011,TUN,2013,both,39.064,,
GHED_OOPSCHE_SHA2011,TUN,2014,both,38.005,,
GHED_OOPSCHE_SHA2011,TUN,2015,both,39.672,,
GHED_OOPSCHE_SHA2011,TUN,2016,both,39.756,,
GHED_OOPSCHE_SHA2011,TUN,2017,both,40.52,,
GHED_OOPSCHE_SHA2011,TUN,2018,both,41.915,,
GHED_OOPSCHE_SHA2011,TUN,2019,both,35.577,,
GHED_OOPSCHE_SHA2011,TUN,2020,both,33.441,,
GHED_OOPSCHE_SHA2011,TUN,2021,both,37.217,,
GHED_OOPSCHE_SHA2011,TUN,2022,both,36.29,,
GHED_OOPSCHE_SHA2011,TUN,2023,both,37.94,,
M_Est_tob_curr_std,DZA,2000,both,20.5,,
M_Est_tob_curr_std,DZA,2005,both,20.5,,
M_Est_tob_curr_std,DZA,2007,both,20.6,,
M_Est_tob_curr_std,DZA,2010,both,20.7,,
M_Est_tob_curr_std,DZA,2015,both,21.2,,
M_Est_tob_curr_std,DZA,2020,both,21.7,,
M_Est_tob_curr_std,DZA,2022,both,22.1,,
M_Est_tob_curr_std,DZA,2023,both,22.3,,
M_Est_tob_curr_std,DZA,2024,both,22.4,,
M_Est_tob_curr_std,DZA,2025,both,22.6,,
M_Est_tob_curr_std,DZA,2030,both,23.7,,
M_Est_tob_curr_std,EGY,2000,both,19.7,,
M_Est_tob_curr_std,EGY,2005,both,20.4,,
M_Est_tob_curr_std,EGY,2007,both,20.8,,
M_Est_tob_curr_std,EGY,2010,both,21.5,,
M_Est_tob_curr_std,EGY,2015,both,22.6,,
M_Est_tob_curr_std,EGY,2020,both,23.9,,
M_Est_tob_curr_std,EGY,2022,both,24.4,,
M_Est_tob_curr_std,EGY,2023,both,24.7,,
M_Est_tob_curr_std,EGY,2024,both,25,,
M_Est_tob_curr_std,EGY,2025,both,25.4,,
M_Est_tob_curr_std,EGY,2030,both,26.9,,
M_Est_tob_curr_std,LBY,2000,both,34.4,22.3,46.5
M_Est_tob_curr_std,LBY,2005,both,32,21.2,42.8
M_Est_tob_curr_std,LBY,2007,both,31,20.1,41.9
M_Est_tob_curr_std,LBY,2010,both,29.6,20.8,38.4
M_Est_tob_curr_std,LBY,2015,both,27.4,20.6,34.3
M_Est_tob_curr_std,LBY,2020,both,25.6,19.8,31.4
M_Est_tob_curr_std,LBY,2022,both,24.8,18.8,30.8
M_Est_tob_curr_std,LBY,2023,both,24.5,18.2,30.7
M_Est_tob_curr_std,LBY,2024,both,24.2,18.5,29.9
M_Est_tob_curr_std,LBY,2025,both,23.8,17.5,30.1
M_Est_tob_curr_std,LBY,2030,both,22.4,14.7,30.1
M_Est_tob_curr_std,MAR,2000,both,20,,
M_Est_tob_curr_std,MAR,2005,both,18.1,,
M_Est_tob_curr_std,MAR,2007,both,17.3,,
M_Est_tob_curr_std,MAR,2010,both,16.4,,
M_Est_tob_curr_std,MAR,2015,both,14.8,,
M_Est_tob_curr_std,MAR,2020,both,13.6,,
M_Est_tob_curr_std,MAR,2022,both,13,,
M_Est_tob_curr_std,MAR,2023,both,12.8,,
M_Est_tob_curr_std,MAR,2024,both,12.5,,
M_Est_tob_curr_std,MAR,2025,both,12.3,,
M_Est_tob_curr_std,MAR,2030,both,11.2,,
M_Est_tob_curr_std,TUN,2000,both,32.9,,
M_Est_tob_curr_std,TUN,2005,both,30.9,,
M_Est_tob_curr_std,TUN,2007,both,30.1,,
M_Est_tob_curr_std,TUN,2010,both,29,,
M_Est_tob_curr_std,TUN,2015,both,27.3,,
M_Est_tob_curr_std,TUN,2020,both,25.7,,
M_Est_tob_curr_std,TUN,2022,both,25.2,,
M_Est_tob_curr_std,TUN,2023,both,24.8,,
M_Est_tob_curr_std,TUN,2024,both,24.4,,
M_Est_tob_curr_std,TUN,2025,both,24.3,,
M_Est_tob_curr_std,TUN,2030,both,23,,
NCDMORT3070,DZA,2000,both,18,,
NCDMORT3070,DZA,2001,both,17.7,,
NCDMORT3070,DZA,2002,both,17.4,,
NCDMORT3070,DZA,2003,both,17.4,,
NCDMORT3070,DZA,2004,both,17.1,,
NCDMORT3070,DZA,2005,both,16.8,,
NCDMORT3070,DZA,2006,both,16.5,,
NCDMORT3070,DZA,2007,both,16.2,,
NCDMORT3070,DZA,2008,both,15.9,,
NCDMORT3070,DZA,2009,both,15.6,,
NCDMORT3070,DZA,2010,both,15.2,,
NCDMORT3070,DZA,2011,both,15.1,,
NCDMORT3070,DZA,2012,both,14.8,,
NCDMORT3070,DZA,2013,both,14.5,,
NCDMORT3070,DZA,2014,both,14.3,,
NCDMORT3070,DZA,2015,both,14.2,,
NCDMORT3070,DZA,2016,both,14.1,,
NCDMORT3070,DZA,2017,both,14.1,,
NCDMORT3070,DZA,2018,both,14,,
NCDMORT3070,DZA,2019,both,14,,
NCDMORT3070,DZA,2020,both,12.7,,
NCDMORT3070,DZA,2021,both,13.3,,
NCDMORT3070,EGY,2000,both,28.2,,
NCDMORT3070,EGY,2001,both,29.5,,
NCDMORT3070,EGY,2002,both,29.8,,
NCDMORT3070,EGY,2003,both,30.3,,
NCDMORT3070,EGY,2004,both,30,,
NCDMORT3070,EGY,2005,both,29.7,,
NCDMORT3070,EGY,2006,both,29.9,,
NCDMORT3070,EGY,2007,both,29.5,,
NCDMORT3070,EGY,2008,both,29.6,,
NCDMORT3070,EGY,2009,both,29.9,,
NCDMORT3070,EGY,2010,both,29.9,,
NCDMORT3070,EGY,2011,both,29.1,,
NCDMORT3070,EGY,2012,both,29.7,,
NCDMORT3070,EGY,2013,both,28.4,,
NCDMORT3070,EGY,2014,both,28.8,,
NCDMORT3070,EGY,2015,both,30.1,,
NCDMORT3070,EGY,2016,both,28.9,,
NCDMORT3070,EGY,2017,both,27.5,,
NCDMORT3070,EGY,2018,both,27.8,,
NCDMORT3070,EGY,2019,both,27.4,,
NCDMORT3070,EGY,2020,both,26,,
NCDMORT3070,EGY,2021,both,26,,
NCDMORT3070,LBY,2000,both,20,13.3,26.2
NCDMORT3070,LBY,2001,both,20.9,14.1,27.3
NCDMORT3070,LBY,2002,both,21.2,14.3,27.8
NCDMORT3070,LBY,2003,both,21.4,14.6,28.3
NCDMORT3070,LBY,2004,both,20.9,14.3,27.7
NCDMORT3070,LBY,2005,both,20.9,14.5,28
NCDMORT3070,LBY,2006,both,20.1,13.9,27
NCDMORT3070,LBY,2007,both,20.6,14.3,27.7
NCDMORT3070,LBY,2008,both,20.7,14.3,27.9
NCDMORT3070,LBY,2009,both,20.6,14.2,27.9
NCDMORT3070,LBY,2010,both,20,13.7,27.4
NCDMORT3070,LBY,2011,both,20.6,13.8,28.1
NCDMORT3070,LBY,2012,both,19.5,12.8,26.5
NCDMORT3070,LBY,2013,both,18.7,12.1,25.6
NCDMORT3070,LBY,2014,both,19.9,12.7,27.2
NCDMORT3070,LBY,2015,both,20.4,12.8,28.1
NCDMORT3070,LBY,2016,both,20.9,13,28.9
NCDMORT3070,LBY,2017,both,21.3,13.2,29.6
NCDMORT3070,LBY,2018,both,21.4,13.1,29.8
NCDMORT3070,LBY,2019,both,20.9,12.7,29.3
NCDMORT3070,LBY,2020,both,20.7,12.5,29.1
NCDMORT3070,LBY,2021,both,19.8,11.8,28
NCDMORT3070,LBY,2000,female,18.9,12.8,26.4
NCDMORT3070,LBY,2001,female,19.4,13.2,26.8
NCDMORT3070,LBY,2002,female,19.4,13.3,26.9
NCDMORT3070,LBY,2003,female,19.4,13.3,26.9
NCDMORT3070,LBY,2004,female,19.4,13.3,26.9
NCDMORT3070,LBY,2005,female,20,13.7,27.7
NCDMORT3070,LBY,2006,female,19.4,13.4,26.9
NCDMORT3070,LBY,2007,female,19.7,13.6,27.3
NCDMORT3070,LBY,2008,female,19.5,13.4,27.1
NCDMORT3070,LBY,2009,female,19.5,13.3,27.2
NCDMORT3070,LBY,2010,female,19,12.9,26.6
NCDMORT3070,LBY,2011,female,19.4,12.9,27.1
NCDMORT3070,LBY,2012,female,18.6,12.1,25.9
NCDMORT3070,LBY,2013,female,18.2,11.8,25.4
NCDMORT3070,LBY,2014,female,18.7,11.9,26.1
NCDMORT3070,LBY,2015,female,18.9,11.9,26.6
NCDMORT3070,LBY,2016,female,19.3,12,27.3
NCDMORT3070,LBY,2017,female,19.6,12,27.8
NCDMORT3070,LBY,2018,female,19.6,12,27.9
NCDMORT3070,LBY,2019,female,19.2,11.6,27.4
NCDMORT3070,LBY,2020,female,18.5,11.1,26.4
NCDMORT3070,LBY,2021,female,18.2,10.9,26.1
NCDMORT3070,LBY,2000,male,20.9,13.6,26
NCDMORT3070,LBY,2001,male,22.1,14.6,27.6
NCDMORT3070,LBY,2002,male,22.5,15,28.3
NCDMORT3070,LBY,2003,male,23,15.5,29.1
NCDMORT3070,LBY,2004,male,22,15,28.2
NCDMORT3070,LBY,2005,male,21.8,15.1,28.2
NCDMORT3070,LBY,2006,male,20.7,14.4,27.2
NCDMORT3070,LBY,2007,male,21.5,15,28.2
NCDMORT3070,LBY,2008,male,21.8,15.1,28.7
NCDMORT3070,LBY,2009,male,21.5,15,28.5
NCDMORT3070,LBY,2010,male,20.9,14.5,28
NCDMORT3070,LBY,2011,male,21.8,14.7,29.1
NCDMORT3070,LBY,2012,male,20.4,13.4,27.1
NCDMORT3070,LBY,2013,male,19.2,12.4,25.7
NCDMORT3070,LBY,2014,male,21.1,13.4,28.4
NCDMORT3070,LBY,2015,male,21.9,13.8,29.5
NCDMORT3070,LBY,2016,male,22.5,14,30.5
NCDMORT3070,LBY,2017,male,23.1,14.3,31.4
NCDMORT3070,LBY,2018,male,23.2,14.3,31.6
NCDMORT3070,LBY,2019,male,22.7,13.8,31.2
NCDMORT3070,LBY,2020,male,23,13.9,31.8
NCDMORT3070,LBY,2021,male,21.4,12.8,29.9
NCDMORT3070,MAR,2000,both,24,,
NCDMORT3070,MAR,2001,both,23.8,,
NCDMORT3070,MAR,2002,both,23.5,,
NCDMORT3070,MAR,2003,both,23.6,,
NCDMORT3070,MAR,2004,both,23.6,,
NCDMORT3070,MAR,2005,both,23.6,,
NCDMORT3070,MAR,2006,both,23.5,,
NCDMORT3070,MAR,2007,both,23.6,,
NCDMORT3070,MAR,2008,both,23.3,,
NCDMORT3070,MAR,2009,both,23.1,,
NCDMORT3070,MAR,2010,both,22.9,,
NCDMORT3070,MAR,2011,both,22.9,,
NCDMORT3070,MAR,2012,both,22.7,,
NCDMORT3070,MAR,2013,both,22.6,,
NCDMORT3070,MAR,2014,both,22.6,,
NCDMORT3070,MAR,2015,both,22.7,,
NCDMORT3070,MAR,2016,both,22.6,,
NCDMORT3070,MAR,2017,both,22.6,,
NCDMORT3070,MAR,2018,both,22.7,,
NCDMORT3070,MAR,2019,both,22.6,,
NCDMORT3070,MAR,2020,both,22.6,,
NCDMORT3070,MAR,2021,both,22,,
NCDMORT3070,TUN,2000,both,18.6,,
NCDMORT3070,TUN,2001,both,18.4,,
NCDMORT3070,TUN,2002,both,18.2,,
NCDMORT3070,TUN,2003,both,17.8,,
NCDMORT3070,TUN,2004,both,17.6,,
NCDMORT3070,TUN,2005,both,17.3,,
NCDMORT3070,TUN,2006,both,17.1,,
NCDMORT3070,TUN,2007,both,16.8,,
NCDMORT3070,TUN,2008,both,16.6,,
NCDMORT3070,TUN,2009,both,16.5,,
NCDMORT3070,TUN,2010,both,16.4,,
NCDMORT3070,TUN,2011,both,16,,
NCDMORT3070,TUN,2012,both,15.7,,
NCDMORT3070,TUN,2013,both,15.7,,
NCDMORT3070,TUN,2014,both,15.5,,
NCDMORT3070,TUN,2015,both,15.5,,
NCDMORT3070,TUN,2016,both,15.4,,
NCDMORT3070,TUN,2017,both,15.4,,
NCDMORT3070,TUN,2018,both,15.3,,
NCDMORT3070,TUN,2019,both,15.2,,
NCDMORT3070,TUN,2020,both,15.1,,
NCDMORT3070,TUN,2021,both,13,,
NCD_BMI_30A,DZA,2000,both,13.403,,
NCD_BMI_30A,DZA,2001,both,13.832,,
NCD_BMI_30A,DZA,2002,both,14.267,,
NCD_BMI_30A,DZA,2003,both,14.705,,
NCD_BMI_30A,DZA,2004,both,15.143,,
NCD_BMI_30A,DZA,2005,both,15.58,,
NCD_BMI_30A,DZA,2006,both,16.016,,
NCD_BMI_30A,DZA,2007,both,16.458,,
NCD_BMI_30A,DZA,2008,both,16.909,,
NCD_BMI_30A,DZA,2009,both,17.366,,
NCD_BMI_30A,DZA,2010,both,17.829,,
NCD_BMI_30A,DZA,2011,both,18.294,,
NCD_BMI_30A,DZA,2012,both,18.762,,
NCD_BMI_30A,DZA,2013,both,19.231,,
NCD_BMI_30A,DZA,2014,both,19.697,,
NCD_BMI_30A,DZA,2015,both,20.161,,
NCD_BMI_30A,DZA,2016,both,20.623,,
NCD_BMI_30A,DZA,2017,both,21.052,,
NCD_BMI_30A,DZA,2018,both,21.442,,
NCD_BMI_30A,DZA,2019,both,21.806,,
NCD_BMI_30A,DZA,2020,both,22.16,,
NCD_BMI_30A,DZA,2021,both,22.507,,
NCD_BMI_30A,DZA,2022,both,22.852,,
NCD_BMI_30A,DZA,2023,both,23.205,,
NCD_BMI_30A,DZA,2024,both,23.567,,
NCD_BMI_30A,EGY,2000,both,27.865,,
NCD_BMI_30A,EGY,2001,both,28.763,,
NCD_BMI_30A,EGY,2002,both,29.644,,
NCD_BMI_30A,EGY,2003,both,30.501,,
NCD_BMI_30A,EGY,2004,both,31.334,,
NCD_BMI_30A,EGY,2005,both,32.142,,
NCD_BMI_30A,EGY,2006,both,32.929,,
NCD_BMI_30A,EGY,2007,both,33.708,,
NCD_BMI_30A,EGY,2008,both,34.489,,
NCD_BMI_30A,EGY,2009,both,35.274,,
NCD_BMI_30A,EGY,2010,both,36.052,,
NCD_BMI_30A,EGY,2011,both,36.808,,
NCD_BMI_30A,EGY,2012,both,37.54,,
NCD_BMI_30A,EGY,2013,both,38.25,,
NCD_BMI_30A,EGY,2014,both,38.939,,
NCD_BMI_30A,EGY,2015,both,39.607,,
NCD_BMI_30A,EGY,2016,both,40.251,,
NCD_BMI_30A,EGY,2017,both,40.831,,
NCD_BMI_30A,EGY,2018,both,41.339,,
NCD_BMI_30A,EGY,2019,both,41.805,,
NCD_BMI_30A,EGY,2020,both,42.249,,
NCD_BMI_30A,EGY,2021,both,42.678,,
NCD_BMI_30A,EGY,2022,both,43.096,,
NCD_BMI_30A,EGY,2023,both,43.514,,
NCD_BMI_30A,EGY,2024,both,43.932,,
NCD_BMI_30A,LBY,2000,both,23.818,20.976,26.833
NCD_BMI_30A,LBY,2001,both,24.594,21.807,27.56
NCD_BMI_30A,LBY,2002,both,25.372,22.616,28.245
NCD_BMI_30A,LBY,2003,both,26.143,23.406,29.011
NCD_BMI_30A,LBY,2004,both,26.903,24.228,29.721
NCD_BMI_30A,LBY,2005,both,27.647,25.03,30.404
NCD_BMI_30A,LBY,2006,both,28.279,25.672,30.953
NCD_BMI_30A,LBY,2007,both,28.796,26.196,31.395
NCD_BMI_30A,LBY,2008,both,29.301,26.756,31.825
NCD_BMI_30A,LBY,2009,both,29.789,27.28,32.291
NCD_BMI_30A,LBY,2010,both,30.257,27.827,32.745
NCD_BMI_30A,LBY,2011,both,30.705,28.334,33.164
NCD_BMI_30A,LBY,2012,both,31.126,28.766,33.555
NCD_BMI_30A,LBY,2013,both,31.514,29.18,33.901
NCD_BMI_30A,LBY,2014,both,31.878,29.56,34.251
NCD_BMI_30A,LBY,2015,both,32.22,29.926,34.563
NCD_BMI_30A,LBY,2016,both,32.542,30.231,34.868
NCD_BMI_30A,LBY,2017,both,32.797,30.555,35.143
NCD_BMI_30A,LBY,2018,both,32.984,30.729,35.355
NCD_BMI_30A,LBY,2019,both,33.129,30.855,35.554
NCD_BMI_30A,LBY,2020,both,33.255,30.941,35.728
NCD_BMI_30A,LBY,2021,both,33.366,30.967,35.893
NCD_BMI_30A,LBY,2022,both,33.466,30.969,36.092
NCD_BMI_30A,LBY,2023,both,33.562,30.918,36.387
NCD_BMI_30A,LBY,2024,both,33.659,30.825,36.703
NCD_BMI_30A,MAR,2000,both,11.38,,
NCD_BMI_30A,MAR,2001,both,11.797,,
NCD_BMI_30A,MAR,2002,both,12.225,,
NCD_BMI_30A,MAR,2003,both,12.657,,
NCD_BMI_30A,MAR,2004,both,13.099,,
NCD_BMI_30A,MAR,2005,both,13.543,,
NCD_BMI_30A,MAR,2006,both,13.984,,
NCD_BMI_30A,MAR,2007,both,14.43,,
NCD_BMI_30A,MAR,2008,both,14.887,,
NCD_BMI_30A,MAR,2009,both,15.351,,
NCD_BMI_30A,MAR,2010,both,15.819,,
NCD_BMI_30A,MAR,2011,both,16.288,,
NCD_BMI_30A,MAR,2012,both,16.759,,
NCD_BMI_30A,MAR,2013,both,17.228,,
NCD_BMI_30A,MAR,2014,both,17.694,,
NCD_BMI_30A,MAR,2015,both,18.154,,
NCD_BMI_30A,MAR,2016,both,18.614,,
NCD_BMI_30A,MAR,2017,both,19.042,,
NCD_BMI_30A,MAR,2018,both,19.429,,
NCD_BMI_30A,MAR,2019,both,19.789,,
NCD_BMI_30A,MAR,2020,both,20.143,,
NCD_BMI_30A,MAR,2021,both,20.492,,
NCD_BMI_30A,MAR,2022,both,20.841,,
NCD_BMI_30A,MAR,2023,both,21.197,,
NCD_BMI_30A,MAR,2024,both,21.561,,
NCD_BMI_30A,TUN,2000,both,16.202,,
NCD_BMI_30A,TUN,2001,both,16.716,,
NCD_BMI_30A,TUN,2002,both,17.232,,
NCD_BMI_30A,TUN,2003,both,17.743,,
NCD_BMI_30A,TUN,2004,both,18.242,,
NCD_BMI_30A,TUN,2005,both,18.723,,
NCD_BMI_30A,TUN,2006,both,19.189,,
NCD_BMI_30A,TUN,2007,both,19.652,,
NCD_BMI_30A,TUN,2008,both,20.117,,
NCD_BMI_30A,TUN,2009,both,20.582,,
NCD_BMI_30A,TUN,2010,both,21.041,,
NCD_BMI_30A,TUN,2011,both,21.494,,
NCD_BMI_30A,TUN,2012,both,21.94,,
NCD_BMI_30A,TUN,2013,both,22.379,,
NCD_BMI_30A,TUN,2014,both,22.81,,
NCD_BMI_30A,TUN,2015,both,23.235,,
NCD_BMI_30A,TUN,2016,both,23.652,,
NCD_BMI_30A,TUN,2017,both,24.029,,
NCD_BMI_30A,TUN,2018,both,24.36,,
NCD_BMI_30A,TUN,2019,both,24.66,,
NCD_BMI_30A,TUN,2020,both,24.947,,
NCD_BMI_30A,TUN,2021,both,25.229,,
NCD_BMI_30A,TUN,2022,both,25.511,,
NCD_BMI_30A,TUN,2023,both,25.794,,
NCD_BMI_30A,TUN,2024,both,26.085,,
NCD_DIABETES_PREVALENCE_AGESTD,DZA,2000,both,12.494,,
NCD_DIABETES_PREVALENCE_AGESTD,DZA,2001,both,12.695,,
NCD_DIABETES_PREVALENCE_AGESTD,DZA,2002,both,12.891,,
NCD_DIABETES_PREVALENCE_AGESTD,DZA,2003,both,13.083,,
NCD_DIABETES_PREVALENCE_AGESTD,DZA,2004,both,13.285,,
NCD_DIABETES_PREVALENCE_AGESTD,DZA,2005,both,13.506,,
NCD_DIABETES_PREVALENCE_AGESTD,DZA,2006,both,13.748,,
NCD_DIABETES_PREVALENCE_AGESTD,DZA,2007,both,14.012,,
NCD_DIABETES_PREVALENCE_AGESTD,DZA,2008,both,14.305,,
NCD_DIABETES_PREVALENCE_AGESTD,DZA,2009,both,14.628,,
NCD_DIABETES_PREVALENCE_AGESTD,DZA,2010,both,14.958,,
NCD_DIABETES_PREVALENCE_AGESTD,DZA,2011,both,15.286,,
NCD_DIABETES_PREVALENCE_AGESTD,DZA,2012,both,15.619,,
NCD_DIABETES_PREVALENCE_AGESTD,DZA,2013,both,15.96,,
NCD_DIABETES_PREVALENCE_AGESTD,DZA,2014,both,16.317,,
NCD_DIABETES_PREVALENCE_AGESTD,DZA,2015,both,16.688,,
NCD_DIABETES_PREVALENCE_AGESTD,DZA,2016,both,17.075,,
NCD_DIABETES_PREVALENCE_AGESTD,DZA,2017,both,17.389,,
NCD_DIABETES_PREVALENCE_AGESTD,DZA,2018,both,17.632,,
NCD_DIABETES_PREVALENCE_AGESTD,DZA,2019,both,17.867,,
NCD_DIABETES_PREVALENCE_AGESTD,DZA,2020,both,18.118,,
NCD_DIABETES_PREVALENCE_AGESTD,DZA,2021,both,18.383,,
NCD_DIABETES_PREVALENCE_AGESTD,DZA,2022,both,18.66,,
NCD_DIABETES_PREVALENCE_AGESTD,EGY,2000,both,13.612,,
NCD_DIABETES_PREVALENCE_AGESTD,EGY,2001,both,13.966,,
NCD_DIABETES_PREVALENCE_AGESTD,EGY,2002,both,14.341,,
NCD_DIABETES_PREVALENCE_AGESTD,EGY,2003,both,14.747,,
NCD_DIABETES_PREVALENCE_AGESTD,EGY,2004,both,15.195,,
NCD_DIABETES_PREVALENCE_AGESTD,EGY,2005,both,15.697,,
NCD_DIABETES_PREVALENCE_AGESTD,EGY,2006,both,16.257,,
NCD_DIABETES_PREVALENCE_AGESTD,EGY,2007,both,16.876,,
NCD_DIABETES_PREVALENCE_AGESTD,EGY,2008,both,17.557,,
NCD_DIABETES_PREVALENCE_AGESTD,EGY,2009,both,18.304,,
NCD_DIABETES_PREVALENCE_AGESTD,EGY,2010,both,19.082,,
NCD_DIABETES_PREVALENCE_AGESTD,EGY,2011,both,19.865,,
NCD_DIABETES_PREVALENCE_AGESTD,EGY,2012,both,20.64,,
NCD_DIABETES_PREVALENCE_AGESTD,EGY,2013,both,21.418,,
NCD_DIABETES_PREVALENCE_AGESTD,EGY,2014,both,22.208,,
NCD_DIABETES_PREVALENCE_AGESTD,EGY,2015,both,23.013,,
NCD_DIABETES_PREVALENCE_AGESTD,EGY,2016,both,23.831,,
NCD_DIABETES_PREVALENCE_AGESTD,EGY,2017,both,24.557,,
NCD_DIABETES_PREVALENCE_AGESTD,EGY,2018,both,25.19,,
NCD_DIABETES_PREVALENCE_AGESTD,EGY,2019,both,25.811,,
NCD_DIABETES_PREVALENCE_AGESTD,EGY,2020,both,26.452,,
NCD_DIABETES_PREVALENCE_AGESTD,EGY,2021,both,27.11,,
NCD_DIABETES_PREVALENCE_AGESTD,EGY,2022,both,27.782,,
NCD_DIABETES_PREVALENCE_AGESTD,LBY,2000,both,17.5,13.488,22.075
NCD_DIABETES_PREVALENCE_AGESTD,LBY,2001,both,18.027,14.004,22.577
NCD_DIABETES_PREVALENCE_AGESTD,LBY,2002,both,18.562,14.599,23.136
NCD_DIABETES_PREVALENCE_AGESTD,LBY,2003,both,19.098,15.145,23.565
NCD_DIABETES_PREVALENCE_AGESTD,LBY,2004,both,19.646,15.722,24.066
NCD_DIABETES_PREVALENCE_AGESTD,LBY,2005,both,20.204,16.264,24.482
NCD_DIABETES_PREVALENCE_AGESTD,LBY,2006,both,20.764,16.831,25.01
NCD_DIABETES_PREVALENCE_AGESTD,LBY,2007,both,21.325,17.399,25.566
NCD_DIABETES_PREVALENCE_AGESTD,LBY,2008,both,21.899,18.035,26.098
NCD_DIABETES_PREVALENCE_AGESTD,LBY,2009,both,22.489,18.68,26.571
NCD_DIABETES_PREVALENCE_AGESTD,LBY,2010,both,23.058,19.25,27.131
NCD_DIABETES_PREVALENCE_AGESTD,LBY,2011,both,23.601,19.808,27.751
NCD_DIABETES_PREVALENCE_AGESTD,LBY,2012,both,24.119,20.368,28.258
NCD_DIABETES_PREVALENCE_AGESTD,LBY,2013,both,24.625,20.846,28.668
NCD_DIABETES_PREVALENCE_AGESTD,LBY,2014,both,25.133,21.298,29.123
NCD_DIABETES_PREVALENCE_AGESTD,LBY,2015,both,25.642,21.756,29.619
NCD_DIABETES_PREVALENCE_AGESTD,LBY,2016,both,26.152,22.24,30.181
NCD_DIABETES_PREVALENCE_AGESTD,LBY,2017,both,26.555,22.611,30.651
NCD_DIABETES_PREVALENCE_AGESTD,LBY,2018,both,26.851,22.903,30.928
NCD_DIABETES_PREVALENCE_AGESTD,LBY,2019,both,27.127,23.111,31.272
NCD_DIABETES_PREVALENCE_AGESTD,LBY,2020,both,27.41,23.301,31.651
NCD_DIABETES_PREVALENCE_AGESTD,LBY,2021,both,27.701,23.408,32.149
NCD_DIABETES_PREVALENCE_AGESTD,LBY,2022,both,27.999,23.386,32.806
NCD_DIABETES_PREVALENCE_AGESTD,MAR,2000,both,13.22,,
NCD_DIABETES_PREVALENCE_AGESTD,MAR,2001,both,13.486,,
NCD_DIABETES_PREVALENCE_AGESTD,MAR,2002,both,13.744,,
NCD_DIABETES_PREVALENCE_AGESTD,MAR,2003,both,13.994,,
NCD_DIABETES_PREVALENCE_AGESTD,MAR,2004,both,14.243,,
NCD_DIABETES_PREVALENCE_AGESTD,MAR,2005,both,14.497,,
NCD_DIABETES_PREVALENCE_AGESTD,MAR,2006,both,14.758,,
NCD_DIABETES_PREVALENCE_AGESTD,MAR,2007,both,15.031,,
NCD_DIABETES_PREVALENCE_AGESTD,MAR,2008,both,15.315,,
NCD_DIABETES_PREVALENCE_AGESTD,MAR,2009,both,15.616,,
NCD_DIABETES_PREVALENCE_AGESTD,MAR,2010,both,15.916,,
NCD_DIABETES_PREVALENCE_AGESTD,MAR,2011,both,16.203,,
NCD_DIABETES_PREVALENCE_AGESTD,MAR,2012,both,16.481,,
NCD_DIABETES_PREVALENCE_AGESTD,MAR,2013,both,16.761,,
NCD_DIABETES_PREVALENCE_AGESTD,MAR,2014,both,17.053,,
NCD_DIABETES_PREVALENCE_AGESTD,MAR,2015,both,17.352,,
NCD_DIABETES_PREVALENCE_AGESTD,MAR,2016,both,17.664,,
NCD_DIABETES_PREVALENCE_AGESTD,MAR,2017,both,17.898,,
NCD_DIABETES_PREVALENCE_AGESTD,MAR,2018,both,18.057,,
NCD_DIABETES_PREVALENCE_AGESTD,MAR,2019,both,18.207,,
NCD_DIABETES_PREVALENCE_AGESTD,MAR,2020,both,18.374,,
NCD_DIABETES_PREVALENCE_AGESTD,MAR,2021,both,18.553,,
NCD_DIABETES_PREVALENCE_AGESTD,MAR,2022,both,18.747,,
NCD_DIABETES_PREVALENCE_AGESTD,TUN,2000,both,10.365,,
NCD_DIABETES_PREVALENCE_AGESTD,TUN,2001,both,10.502,,
NCD_DIABETES_PREVALENCE_AGESTD,TUN,2002,both,10.627,,
NCD_DIABETES_PREVALENCE_AGESTD,TUN,2003,both,10.748,,
NCD_DIABETES_PREVALENCE_AGESTD,TUN,2004,both,10.877,,
NCD_DIABETES_PREVALENCE_AGESTD,TUN,2005,both,11.024,,
NCD_DIABETES_PREVALENCE_AGESTD,TUN,2006,both,11.199,,
NCD_DIABETES_PREVALENCE_AGESTD,TUN,2007,both,11.404,,
NCD_DIABETES_PREVALENCE_AGESTD,TUN,2008,both,11.642,,
NCD_DIABETES_PREVALENCE_AGESTD,TUN,2009,both,11.915,,
NCD_DIABETES_PREVALENCE_AGESTD,TUN,2010,both,12.205,,
NCD_DIABETES_PREVALENCE_AGESTD,TUN,2011,both,12.505,,
NCD_DIABETES_PREVALENCE_AGESTD,TUN,2012,both,12.812,,
NCD_DIABETES_PREVALENCE_AGESTD,TUN,2013,both,13.138,,
NCD_DIABETES_PREVALENCE_AGESTD,TUN,2014,both,13.484,,
NCD_DIABETES_PREVALENCE_AGESTD,TUN,2015,both,13.846,,
NCD_DIABETES_PREVALENCE_AGESTD,TUN,2016,both,14.226,,
NCD_DIABETES_PREVALENCE_AGESTD,TUN,2017,both,14.544,,
NCD_DIABETES_PREVALENCE_AGESTD,TUN,2018,both,14.798,,
NCD_DIABETES_PREVALENCE_AGESTD,TUN,2019,both,15.046,,
NCD_DIABETES_PREVALENCE_AGESTD,TUN,2020,both,15.308,,
NCD_DIABETES_PREVALENCE_AGESTD,TUN,2021,both,15.584,,
NCD_DIABETES_PREVALENCE_AGESTD,TUN,2022,both,15.874,,
NCD_HYP_CONTROL_A,DZA,2000,both,4.7,,
NCD_HYP_CONTROL_A,DZA,2001,both,5.1,,
NCD_HYP_CONTROL_A,DZA,2002,both,5.5,,
NCD_HYP_CONTROL_A,DZA,2003,both,6,,
NCD_HYP_CONTROL_A,DZA,2004,both,6.7,,
NCD_HYP_CONTROL_A,DZA,2005,both,7.4,,
NCD_HYP_CONTROL_A,DZA,2006,both,8.2,,
NCD_HYP_CONTROL_A,DZA,2007,both,9.1,,
NCD_HYP_CONTROL_A,DZA,2008,both,9.9,,
NCD_HYP_CONTROL_A,DZA,2009,both,10.7,,
NCD_HYP_CONTROL_A,DZA,2010,both,11.4,,
NCD_HYP_CONTROL_A,DZA,2011,both,12.2,,
NCD_HYP_CONTROL_A,DZA,2012,both,12.9,,
NCD_HYP_CONTROL_A,DZA,2013,both,13.5,,
NCD_HYP_CONTROL_A,DZA,2014,both,14,,
NCD_HYP_CONTROL_A,DZA,2015,both,14.5,,
NCD_HYP_CONTROL_A,DZA,2016,both,14.9,,
NCD_HYP_CONTROL_A,DZA,2017,both,15.1,,
NCD_HYP_CONTROL_A,DZA,2018,both,15.5,,
NCD_HYP_CONTROL_A,DZA,2019,both,15.9,,
NCD_HYP_CONTROL_A,EGY,2000,both,7.5,,
NCD_HYP_CONTROL_A,EGY,2001,both,7.9,,
NCD_HYP_CONTROL_A,EGY,2002,both,8.4,,
NCD_HYP_CONTROL_A,EGY,2003,both,9,,
NCD_HYP_CONTROL_A,EGY,2004,both,9.7,,
NCD_HYP_CONTROL_A,EGY,2005,both,10.6,,
NCD_HYP_CONTROL_A,EGY,2006,both,11.5,,
NCD_HYP_CONTROL_A,EGY,2007,both,12.4,,
NCD_HYP_CONTROL_A,EGY,2008,both,13.3,,
NCD_HYP_CONTROL_A,EGY,2009,both,14.2,,
NCD_HYP_CONTROL_A,EGY,2010,both,14.9,,
NCD_HYP_CONTROL_A,EGY,2011,both,15.7,,
NCD_HYP_CONTROL_A,EGY,2012,both,16.3,,
NCD_HYP_CONTROL_A,EGY,2013,both,17,,
NCD_HYP_CONTROL_A,EGY,2014,both,17.5,,
NCD_HYP_CONTROL_A,EGY,2015,both,17.9,,
NCD_HYP_CONTROL_A,EGY,2016,both,18.2,,
NCD_HYP_CONTROL_A,EGY,2017,both,18.3,,
NCD_HYP_CONTROL_A,EGY,2018,both,18.6,,
NCD_HYP_CONTROL_A,EGY,2019,both,18.9,,
NCD_HYP_CONTROL_A,LBY,2000,both,2.7,1,5.4
NCD_HYP_CONTROL_A,LBY,2001,both,2.9,1.1,5.6
NCD_HYP_CONTROL_A,LBY,2002,both,3.1,1.2,5.9
NCD_HYP_CONTROL_A,LBY,2003,both,3.4,1.4,6.3
NCD_HYP_CONTROL_A,LBY,2004,both,3.7,1.7,6.8
NCD_HYP_CONTROL_A,LBY,2005,both,4.2,1.9,7.4
NCD_HYP_CONTROL_A,LBY,2006,both,4.6,2.2,8.1
NCD_HYP_CONTROL_A,LBY,2007,both,5.1,2.6,8.9
NCD_HYP_CONTROL_A,LBY,2008,both,5.6,2.9,9.6
NCD_HYP_CONTROL_A,LBY,2009,both,6.2,3.2,10.3
NCD_HYP_CONTROL_A,LBY,2010,both,6.7,3.5,11.1
NCD_HYP_CONTROL_A,LBY,2011,both,7.3,3.9,11.9
NCD_HYP_CONTROL_A,LBY,2012,both,7.8,4.1,12.9
NCD_HYP_CONTROL_A,LBY,2013,both,8.4,4.3,13.9
NCD_HYP_CONTROL_A,LBY,2014,both,8.9,4.5,14.9
NCD_HYP_CONTROL_A,LBY,2015,both,9.4,4.5,16
NCD_HYP_CONTROL_A,LBY,2016,both,9.8,4.6,17.2
NCD_HYP_CONTROL_A,LBY,2017,both,10.1,4.5,18.4
NCD_HYP_CONTROL_A,LBY,2018,both,10.6,4.3,19.8
NCD_HYP_CONTROL_A,LBY,2019,both,11.1,4.2,21.4
NCD_HYP_CONTROL_A,MAR,2000,both,4.1,,
NCD_HYP_CONTROL_A,MAR,2001,both,4.3,,
NCD_HYP_CONTROL_A,MAR,2002,both,4.7,,
NCD_HYP_CONTROL_A,MAR,2003,both,5.1,,
NCD_HYP_CONTROL_A,MAR,2004,both,5.5,,
NCD_HYP_CONTROL_A,MAR,2005,both,6,,
NCD_HYP_CONTROL_A,MAR,2006,both,6.6,,
NCD_HYP_CONTROL_A,MAR,2007,both,7.2,,
NCD_HYP_CONTROL_A,MAR,2008,both,7.7,,
NCD_HYP_CONTROL_A,MAR,2009,both,8.2,,
NCD_HYP_CONTROL_A,MAR,2010,both,8.6,,
NCD_HYP_CONTROL_A,MAR,2011,both,9,,
NCD_HYP_CONTROL_A,MAR,2012,both,9.3,,
NCD_HYP_CONTROL_A,MAR,2013,both,9.6,,
NCD_HYP_CONTROL_A,MAR,2014,both,9.8,,
NCD_HYP_CONTROL_A,MAR,2015,both,9.9,,
NCD_HYP_CONTROL_A,MAR,2016,both,10,,
NCD_HYP_CONTROL_A,MAR,2017,both,9.9,,
NCD_HYP_CONTROL_A,MAR,2018,both,10,,
NCD_HYP_CONTROL_A,MAR,2019,both,10.1,,
NCD_HYP_CONTROL_A,TUN,2000,both,4,,
NCD_HYP_CONTROL_A,TUN,2001,both,4.3,,
NCD_HYP_CONTROL_A,TUN,2002,both,4.8,,
NCD_HYP_CONTROL_A,TUN,2003,both,5.3,,
NCD_HYP_CONTROL_A,TUN,2004,both,5.9,,
NCD_HYP_CONTROL_A,TUN,2005,both,6.5,,
NCD_HYP_CONTROL_A,TUN,2006,both,7.3,,
NCD_HYP_CONTROL_A,TUN,2007,both,8,,
NCD_HYP_CONTROL_A,TUN,2008,both,8.8,,
NCD_HYP_CONTROL_A,TUN,2009,both,9.5,,
NCD_HYP_CONTROL_A,TUN,2010,both,10.2,,
NCD_HYP_CONTROL_A,TUN,2011,both,10.9,,
NCD_HYP_CONTROL_A,TUN,2012,both,11.6,,
NCD_HYP_CONTROL_A,TUN,2013,both,12.2,,
NCD_HYP_CONTROL_A,TUN,2014,both,12.7,,
NCD_HYP_CONTROL_A,TUN,2015,both,13.1,,
NCD_HYP_CONTROL_A,TUN,2016,both,13.5,,
NCD_HYP_CONTROL_A,TUN,2017,both,13.8,,
NCD_HYP_CONTROL_A,TUN,2018,both,14.2,,
NCD_HYP_CONTROL_A,TUN,2019,both,14.6,,
NCD_HYP_DIAGNOSIS_A,DZA,2000,both,34.1,,
NCD_HYP_DIAGNOSIS_A,DZA,2001,both,34.7,,
NCD_HYP_DIAGNOSIS_A,DZA,2002,both,35.5,,
NCD_HYP_DIAGNOSIS_A,DZA,2003,both,36.4,,
NCD_HYP_DIAGNOSIS_A,DZA,2004,both,37.4,,
NCD_HYP_DIAGNOSIS_A,DZA,2005,both,38.4,,
NCD_HYP_DIAGNOSIS_A,DZA,2006,both,39.5,,
NCD_HYP_DIAGNOSIS_A,DZA,2007,both,40.6,,
NCD_HYP_DIAGNOSIS_A,DZA,2008,both,41.7,,
NCD_HYP_DIAGNOSIS_A,DZA,2009,both,42.8,,
NCD_HYP_DIAGNOSIS_A,DZA,2010,both,43.8,,
NCD_HYP_DIAGNOSIS_A,DZA,2011,both,44.8,,
NCD_HYP_DIAGNOSIS_A,DZA,2012,both,45.7,,
NCD_HYP_DIAGNOSIS_A,DZA,2013,both,46.5,,
NCD_HYP_DIAGNOSIS_A,DZA,2014,both,47.3,,
NCD_HYP_DIAGNOSIS_A,DZA,2015,both,48,,
NCD_HYP_DIAGNOSIS_A,DZA,2016,both,48.7,,
NCD_HYP_DIAGNOSIS_A,DZA,2017,both,49.2,,
NCD_HYP_DIAGNOSIS_A,DZA,2018,both,49.7,,
NCD_HYP_DIAGNOSIS_A,DZA,2019,both,50.3,,
NCD_HYP_DIAGNOSIS_A,EGY,2000,both,43.6,,
NCD_HYP_DIAGNOSIS_A,EGY,2001,both,44.3,,
NCD_HYP_DIAGNOSIS_A,EGY,2002,both,45.1,,
NCD_HYP_DIAGNOSIS_A,EGY,2003,both,46,,
NCD_HYP_DIAGNOSIS_A,EGY,2004,both,47,,
NCD_HYP_DIAGNOSIS_A,EGY,2005,both,48,,
NCD_HYP_DIAGNOSIS_A,EGY,2006,both,49,,
NCD_HYP_DIAGNOSIS_A,EGY,2007,both,49.9,,
NCD_HYP_DIAGNOSIS_A,EGY,2008,both,50.7,,
NCD_HYP_DIAGNOSIS_A,EGY,2009,both,51.5,,
NCD_HYP_DIAGNOSIS_A,EGY,2010,both,52.1,,
NCD_HYP_DIAGNOSIS_A,EGY,2011,both,52.7,,
NCD_HYP_DIAGNOSIS_A,EGY,2012,both,53.1,,
NCD_HYP_DIAGNOSIS_A,EGY,2013,both,53.4,,
NCD_HYP_DIAGNOSIS_A,EGY,2014,both,53.6,,
NCD_HYP_DIAGNOSIS_A,EGY,2015,both,53.7,,
NCD_HYP_DIAGNOSIS_A,EGY,2016,both,53.8,,
NCD_HYP_DIAGNOSIS_A,EGY,2017,both,53.7,,
NCD_HYP_DIAGNOSIS_A,EGY,2018,both,53.6,,
NCD_HYP_DIAGNOSIS_A,EGY,2019,both,53.4,,
NCD_HYP_DIAGNOSIS_A,LBY,2000,both,32,23.3,40.9
NCD_HYP_DIAGNOSIS_A,LBY,2001,both,32.7,23.9,41.6
NCD_HYP_DIAGNOSIS_A,LBY,2002,both,33.5,24.8,42.3
NCD_HYP_DIAGNOSIS_A,LBY,2003,both,34.3,25.6,43.1
NCD_HYP_DIAGNOSIS_A,LBY,2004,both,35.3,26.7,44
NCD_HYP_DIAGNOSIS_A,LBY,2005,both,36.3,27.7,45
NCD_HYP_DIAGNOSIS_A,LBY,2006,both,37.4,28.8,45.9
NCD_HYP_DIAGNOSIS_A,LBY,2007,both,38.4,29.9,46.9
NCD_HYP_DIAGNOSIS_A,LBY,2008,both,39.5,31,47.8
NCD_HYP_DIAGNOSIS_A,LBY,2009,both,40.5,32.1,48.8
NCD_HYP_DIAGNOSIS_A,LBY,2010,both,41.6,33.1,49.9
NCD_HYP_DIAGNOSIS_A,LBY,2011,both,42.5,33.9,50.9
NCD_HYP_DIAGNOSIS_A,LBY,2012,both,43.4,34.6,51.9
NCD_HYP_DIAGNOSIS_A,LBY,2013,both,44.2,35.2,52.9
NCD_HYP_DIAGNOSIS_A,LBY,2014,both,44.9,35.6,53.9
NCD_HYP_DIAGNOSIS_A,LBY,2015,both,45.6,35.8,54.9
NCD_HYP_DIAGNOSIS_A,LBY,2016,both,46.2,36,55.9
NCD_HYP_DIAGNOSIS_A,LBY,2017,both,46.7,35.8,56.8
NCD_HYP_DIAGNOSIS_A,LBY,2018,both,47.2,35.7,58.1
NCD_HYP_DIAGNOSIS_A,LBY,2019,both,47.6,35.3,59.2
NCD_HYP_DIAGNOSIS_A,MAR,2000,both,31.1,,
NCD_HYP_DIAGNOSIS_A,MAR,2001,both,31.8,,
NCD_HYP_DIAGNOSIS_A,MAR,2002,both,32.5,,
NCD_HYP_DIAGNOSIS_A,MAR,2003,both,33.3,,
NCD_HYP_DIAGNOSIS_A,MAR,2004,both,34.1,,
NCD_HYP_DIAGNOSIS_A,MAR,2005,both,35,,
NCD_HYP_DIAGNOSIS_A,MAR,2006,both,36,,
NCD_HYP_DIAGNOSIS_A,MAR,2007,both,36.9,,
NCD_HYP_DIAGNOSIS_A,MAR,2008,both,37.8,,
NCD_HYP_DIAGNOSIS_A,MAR,2009,both,38.6,,
NCD_HYP_DIAGNOSIS_A,MAR,2010,both,39.4,,
NCD_HYP_DIAGNOSIS_A,MAR,2011,both,40.1,,
NCD_HYP_DIAGNOSIS_A,MAR,2012,both,40.7,,
NCD_HYP_DIAGNOSIS_A,MAR,2013,both,41.3,,
NCD_HYP_DIAGNOSIS_A,MAR,2014,both,41.7,,
NCD_HYP_DIAGNOSIS_A,MAR,2015,both,42.1,,
NCD_HYP_DIAGNOSIS_A,MAR,2016,both,42.5,,
NCD_HYP_DIAGNOSIS_A,MAR,2017,both,42.6,,
NCD_HYP_DIAGNOSIS_A,MAR,2018,both,42.8,,
NCD_HYP_DIAGNOSIS_A,MAR,2019,both,43,,
NCD_HYP_DIAGNOSIS_A,TUN,2000,both,30.2,,
NCD_HYP_DIAGNOSIS_A,TUN,2001,both,30.9,,
NCD_HYP_DIAGNOSIS_A,TUN,2002,both,31.7,,
NCD_HYP_DIAGNOSIS_A,TUN,2003,both,32.5,,
NCD_HYP_DIAGNOSIS_A,TUN,2004,both,33.5,,
NCD_HYP_DIAGNOSIS_A,TUN,2005,both,34.5,,
NCD_HYP_DIAGNOSIS_A,TUN,2006,both,35.5,,
NCD_HYP_DIAGNOSIS_A,TUN,2007,both,36.6,,
NCD_HYP_DIAGNOSIS_A,TUN,2008,both,37.6,,
NCD_HYP_DIAGNOSIS_A,TUN,2009,both,38.6,,
NCD_HYP_DIAGNOSIS_A,TUN,2010,both,39.6,,
NCD_HYP_DIAGNOSIS_A,TUN,2011,both,40.5,,
NCD_HYP_DIAGNOSIS_A,TUN,2012,both,41.3,,
NCD_HYP_DIAGNOSIS_A,TUN,2013,both,42.1,,
NCD_HYP_DIAGNOSIS_A,TUN,2014,both,42.8,,
NCD_HYP_DIAGNOSIS_A,TUN,2015,both,43.4,,
NCD_HYP_DIAGNOSIS_A,TUN,2016,both,44,,
NCD_HYP_DIAGNOSIS_A,TUN,2017,both,44.5,,
NCD_HYP_DIAGNOSIS_A,TUN,2018,both,44.9,,
NCD_HYP_DIAGNOSIS_A,TUN,2019,both,45.4,,
NCD_HYP_PREVALENCE_A,DZA,2000,both,37.7,,
NCD_HYP_PREVALENCE_A,DZA,2001,both,37.8,,
NCD_HYP_PREVALENCE_A,DZA,2002,both,37.8,,
NCD_HYP_PREVALENCE_A,DZA,2003,both,37.8,,
NCD_HYP_PREVALENCE_A,DZA,2004,both,37.8,,
NCD_HYP_PREVALENCE_A,DZA,2005,both,37.8,,
NCD_HYP_PREVALENCE_A,DZA,2006,both,37.7,,
NCD_HYP_PREVALENCE_A,DZA,2007,both,37.6,,
NCD_HYP_PREVALENCE_A,DZA,2008,both,37.5,,
NCD_HYP_PREVALENCE_A,DZA,2009,both,37.4,,
NCD_HYP_PREVALENCE_A,DZA,2010,both,37.4,,
NCD_HYP_PREVALENCE_A,DZA,2011,both,37.3,,
NCD_HYP_PREVALENCE_A,DZA,2012,both,37.2,,
NCD_HYP_PREVALENCE_A,DZA,2013,both,37.1,,
NCD_HYP_PREVALENCE_A,DZA,2014,both,37,,
NCD_HYP_PREVALENCE_A,DZA,2015,both,36.8,,
NCD_HYP_PREVALENCE_A,DZA,2016,both,36.6,,
NCD_HYP_PREVALENCE_A,DZA,2017,both,36.5,,
NCD_HYP_PREVALENCE_A,DZA,2018,both,36.3,,
NCD_HYP_PREVALENCE_A,DZA,2019,both,36.2,,
NCD_HYP_PREVALENCE_A,EGY,2000,both,37.5,,
NCD_HYP_PREVALENCE_A,EGY,2001,both,37.6,,
NCD_HYP_PREVALENCE_A,EGY,2002,both,37.8,,
NCD_HYP_PREVALENCE_A,EGY,2003,both,37.9,,
NCD_HYP_PREVALENCE_A,EGY,2004,both,37.9,,
NCD_HYP_PREVALENCE_A,EGY,2005,both,37.9,,
NCD_HYP_PREVALENCE_A,EGY,2006,both,37.9,,
NCD_HYP_PREVALENCE_A,EGY,2007,both,37.9,,
NCD_HYP_PREVALENCE_A,EGY,2008,both,37.8,,
NCD_HYP_PREVALENCE_A,EGY,2009,both,37.9,,
NCD_HYP_PREVALENCE_A,EGY,2010,both,37.9,,
NCD_HYP_PREVALENCE_A,EGY,2011,both,38,,
NCD_HYP_PREVALENCE_A,EGY,2012,both,38.1,,
NCD_HYP_PREVALENCE_A,EGY,2013,both,38.1,,
NCD_HYP_PREVALENCE_A,EGY,2014,both,38.1,,
NCD_HYP_PREVALENCE_A,EGY,2015,both,38.1,,
NCD_HYP_PREVALENCE_A,EGY,2016,both,38.1,,
NCD_HYP_PREVALENCE_A,EGY,2017,both,38.2,,
NCD_HYP_PREVALENCE_A,EGY,2018,both,38.2,,
NCD_HYP_PREVALENCE_A,EGY,2019,both,38.2,,
NCD_HYP_PREVALENCE_A,LBY,2000,both,44,37.5,50.7
NCD_HYP_PREVALENCE_A,LBY,2001,both,44.2,37.9,50.7
NCD_HYP_PREVALENCE_A,LBY,2002,both,44.4,38.2,50.7
NCD_HYP_PREVALENCE_A,LBY,2003,both,44.5,38.5,50.6
NCD_HYP_PREVALENCE_A,LBY,2004,both,44.6,38.7,50.6
NCD_HYP_PREVALENCE_A,LBY,2005,both,44.6,39,50.4
NCD_HYP_PREVALENCE_A,LBY,2006,both,44.6,39.1,50.4
NCD_HYP_PREVALENCE_A,LBY,2007,both,44.6,39.2,50.2
NCD_HYP_PREVALENCE_A,LBY,2008,both,44.6,39.2,50.1
NCD_HYP_PREVALENCE_A,LBY,2009,both,44.5,39.2,50
NCD_HYP_PREVALENCE_A,LBY,2010,both,44.5,39.1,49.8
NCD_HYP_PREVALENCE_A,LBY,2011,both,44.4,38.9,49.9
NCD_HYP_PREVALENCE_A,LBY,2012,both,44.2,38.8,49.8
NCD_HYP_PREVALENCE_A,LBY,2013,both,44,38.4,49.9
NCD_HYP_PREVALENCE_A,LBY,2014,both,43.8,38,49.9
NCD_HYP_PREVALENCE_A,LBY,2015,both,43.6,37.3,50.1
NCD_HYP_PREVALENCE_A,LBY,2016,both,43.4,36.6,50.4
NCD_HYP_PREVALENCE_A,LBY,2017,both,43.2,36,50.6
NCD_HYP_PREVALENCE_A,LBY,2018,both,43,35.1,50.9
NCD_HYP_PREVALENCE_A,LBY,2019,both,42.7,34.2,51.3
NCD_HYP_PREVALENCE_A,MAR,2000,both,37.7,,
NCD_HYP_PREVALENCE_A,MAR,2001,both,37.8,,
NCD_HYP_PREVALENCE_A,MAR,2002,both,37.8,,
NCD_HYP_PREVALENCE_A,MAR,2003,both,37.8,,
NCD_HYP_PREVALENCE_A,MAR,2004,both,37.8,,
NCD_HYP_PREVALENCE_A,MAR,2005,both,37.7,,
NCD_HYP_PREVALENCE_A,MAR,2006,both,37.6,,
NCD_HYP_PREVALENCE_A,MAR,2007,both,37.5,,
NCD_HYP_PREVALENCE_A,MAR,2008,both,37.4,,
NCD_HYP_PREVALENCE_A,MAR,2009,both,37.3,,
NCD_HYP_PREVALENCE_A,MAR,2010,both,37.1,,
NCD_HYP_PREVALENCE_A,MAR,2011,both,37,,
NCD_HYP_PREVALENCE_A,MAR,2012,both,36.8,,
NCD_HYP_PREVALENCE_A,MAR,2013,both,36.7,,
NCD_HYP_PREVALENCE_A,MAR,2014,both,36.5,,
NCD_HYP_PREVALENCE_A,MAR,2015,both,36.2,,
NCD_HYP_PREVALENCE_A,MAR,2016,both,36,,
NCD_HYP_PREVALENCE_A,MAR,2017,both,35.8,,
NCD_HYP_PREVALENCE_A,MAR,2018,both,35.5,,
NCD_HYP_PREVALENCE_A,MAR,2019,both,35.3,,
NCD_HYP_PREVALENCE_A,TUN,2000,both,35,,
NCD_HYP_PREVALENCE_A,TUN,2001,both,34.9,,
NCD_HYP_PREVALENCE_A,TUN,2002,both,34.9,,
NCD_HYP_PREVALENCE_A,TUN,2003,both,34.9,,
NCD_HYP_PREVALENCE_A,TUN,2004,both,34.8,,
NCD_HYP_PREVALENCE_A,TUN,2005,both,34.7,,
NCD_HYP_PREVALENCE_A,TUN,2006,both,34.7,,
NCD_HYP_PREVALENCE_A,TUN,2007,both,34.6,,
NCD_HYP_PREVALENCE_A,TUN,2008,both,34.6,,
NCD_HYP_PREVALENCE_A,TUN,2009,both,34.6,,
NCD_HYP_PREVALENCE_A,TUN,2010,both,34.6,,
NCD_HYP_PREVALENCE_A,TUN,2011,both,34.7,,
NCD_HYP_PREVALENCE_A,TUN,2012,both,34.7,,
NCD_HYP_PREVALENCE_A,TUN,2013,both,34.7,,
NCD_HYP_PREVALENCE_A,TUN,2014,both,34.7,,
NCD_HYP_PREVALENCE_A,TUN,2015,both,34.7,,
NCD_HYP_PREVALENCE_A,TUN,2016,both,34.7,,
NCD_HYP_PREVALENCE_A,TUN,2017,both,34.7,,
NCD_HYP_PREVALENCE_A,TUN,2018,both,34.7,,
NCD_HYP_PREVALENCE_A,TUN,2019,both,34.7,,
NCD_HYP_TREATMENT_A,DZA,2000,both,25.8,,
NCD_HYP_TREATMENT_A,DZA,2001,both,26.7,,
NCD_HYP_TREATMENT_A,DZA,2002,both,27.7,,
NCD_HYP_TREATMENT_A,DZA,2003,both,28.8,,
NCD_HYP_TREATMENT_A,DZA,2004,both,30,,
NCD_HYP_TREATMENT_A,DZA,2005,both,31.2,,
NCD_HYP_TREATMENT_A,DZA,2006,both,32.4,,
NCD_HYP_TREATMENT_A,DZA,2007,both,33.5,,
NCD_HYP_TREATMENT_A,DZA,2008,both,34.6,,
NCD_HYP_TREATMENT_A,DZA,2009,both,35.5,,
NCD_HYP_TREATMENT_A,DZA,2010,both,36.3,,
NCD_HYP_TREATMENT_A,DZA,2011,both,37,,
NCD_HYP_TREATMENT_A,DZA,2012,both,37.6,,
NCD_HYP_TREATMENT_A,DZA,2013,both,38.1,,
NCD_HYP_TREATMENT_A,DZA,2014,both,38.5,,
NCD_HYP_TREATMENT_A,DZA,2015,both,38.8,,
NCD_HYP_TREATMENT_A,DZA,2016,both,39,,
NCD_HYP_TREATMENT_A,DZA,2017,both,39.1,,
NCD_HYP_TREATMENT_A,DZA,2018,both,39.2,,
NCD_HYP_TREATMENT_A,DZA,2019,both,39.3,,
NCD_HYP_TREATMENT_A,EGY,2000,both,30.7,,
NCD_HYP_TREATMENT_A,EGY,2001,both,31.6,,
NCD_HYP_TREATMENT_A,EGY,2002,both,32.6,,
NCD_HYP_TREATMENT_A,EGY,2003,both,33.8,,
NCD_HYP_TREATMENT_A,EGY,2004,both,35.1,,
NCD_HYP_TREATMENT_A,EGY,2005,both,36.4,,
NCD_HYP_TREATMENT_A,EGY,2006,both,37.7,,
NCD_HYP_TREATMENT_A,EGY,2007,both,38.9,,
NCD_HYP_TREATMENT_A,EGY,2008,both,40,,
NCD_HYP_TREATMENT_A,EGY,2009,both,41,,
NCD_HYP_TREATMENT_A,EGY,2010,both,41.8,,
NCD_HYP_TREATMENT_A,EGY,2011,both,42.5,,
NCD_HYP_TREATMENT_A,EGY,2012,both,43.1,,
NCD_HYP_TREATMENT_A,EGY,2013,both,43.5,,
NCD_HYP_TREATMENT_A,EGY,2014,both,43.9,,
NCD_HYP_TREATMENT_A,EGY,2015,both,44.1,,
NCD_HYP_TREATMENT_A,EGY,2016,both,44.3,,
NCD_HYP_TREATMENT_A,EGY,2017,both,44.2,,
NCD_HYP_TREATMENT_A,EGY,2018,both,44.2,,
NCD_HYP_TREATMENT_A,EGY,2019,both,44.2,,
NCD_HYP_TREATMENT_A,LBY,2000,both,20.7,13.4,29.3
NCD_HYP_TREATMENT_A,LBY,2001,both,21.5,14.2,30
NCD_HYP_TREATMENT_A,LBY,2002,both,22.4,15,30.8
NCD_HYP_TREATMENT_A,LBY,2003,both,23.4,15.9,31.7
NCD_HYP_TREATMENT_A,LBY,2004,both,24.5,17,32.6
NCD_HYP_TREATMENT_A,LBY,2005,both,25.6,18,33.8
NCD_HYP_TREATMENT_A,LBY,2006,both,26.7,19.1,34.9
NCD_HYP_TREATMENT_A,LBY,2007,both,27.8,20.2,36
NCD_HYP_TREATMENT_A,LBY,2008,both,28.8,21.1,37.1
NCD_HYP_TREATMENT_A,LBY,2009,both,29.8,21.9,38.1
NCD_HYP_TREATMENT_A,LBY,2010,both,30.7,22.6,39.1
NCD_HYP_TREATMENT_A,LBY,2011,both,31.5,23.3,40
NCD_HYP_TREATMENT_A,LBY,2012,both,32.2,23.9,40.9
NCD_HYP_TREATMENT_A,LBY,2013,both,32.9,24.2,41.8
NCD_HYP_TREATMENT_A,LBY,2014,both,33.4,24.5,42.7
NCD_HYP_TREATMENT_A,LBY,2015,both,33.9,24.6,43.6
NCD_HYP_TREATMENT_A,LBY,2016,both,34.3,24.6,44.6
NCD_HYP_TREATMENT_A,LBY,2017,both,34.6,24.4,45.5
NCD_HYP_TREATMENT_A,LBY,2018,both,34.9,24,46.6
NCD_HYP_TREATMENT_A,LBY,2019,both,35.2,23.7,47.5
NCD_HYP_TREATMENT_A,MAR,2000,both,19.9,,
NCD_HYP_TREATMENT_A,MAR,2001,both,20.6,,
NCD_HYP_TREATMENT_A,MAR,2002,both,21.3,,
NCD_HYP_TREATMENT_A,MAR,2003,both,22.2,,
NCD_HYP_TREATMENT_A,MAR,2004,both,23,,
NCD_HYP_TREATMENT_A,MAR,2005,both,23.9,,
NCD_HYP_TREATMENT_A,MAR,2006,both,24.9,,
NCD_HYP_TREATMENT_A,MAR,2007,both,25.7,,
NCD_HYP_TREATMENT_A,MAR,2008,both,26.5,,
NCD_HYP_TREATMENT_A,MAR,2009,both,27.1,,
NCD_HYP_TREATMENT_A,MAR,2010,both,27.7,,
NCD_HYP_TREATMENT_A,MAR,2011,both,28.2,,
NCD_HYP_TREATMENT_A,MAR,2012,both,28.6,,
NCD_HYP_TREATMENT_A,MAR,2013,both,28.8,,
NCD_HYP_TREATMENT_A,MAR,2014,both,29,,
NCD_HYP_TREATMENT_A,MAR,2015,both,29,,
NCD_HYP_TREATMENT_A,MAR,2016,both,29.1,,
NCD_HYP_TREATMENT_A,MAR,2017,both,29,,
NCD_HYP_TREATMENT_A,MAR,2018,both,28.9,,
NCD_HYP_TREATMENT_A,MAR,2019,both,28.8,,
NCD_HYP_TREATMENT_A,TUN,2000,both,21.5,,
NCD_HYP_TREATMENT_A,TUN,2001,both,22.5,,
NCD_HYP_TREATMENT_A,TUN,2002,both,23.5,,
NCD_HYP_TREATMENT_A,TUN,2003,both,24.7,,
NCD_HYP_TREATMENT_A,TUN,2004,both,25.9,,
NCD_HYP_TREATMENT_A,TUN,2005,both,27.2,,
NCD_HYP_TREATMENT_A,TUN,2006,both,28.4,,
NCD_HYP_TREATMENT_A,TUN,2007,both,29.6,,
NCD_HYP_TREATMENT_A,TUN,2008,both,30.7,,
NCD_HYP_TREATMENT_A,TUN,2009,both,31.7,,
NCD_HYP_TREATMENT_A,TUN,2010,both,32.6,,
NCD_HYP_TREATMENT_A,TUN,2011,both,33.4,,
NCD_HYP_TREATMENT_A,TUN,2012,both,34.1,,
NCD_HYP_TREATMENT_A,TUN,2013,both,34.7,,
NCD_HYP_TREATMENT_A,TUN,2014,both,35.2,,
NCD_HYP_TREATMENT_A,TUN,2015,both,35.6,,
NCD_HYP_TREATMENT_A,TUN,2016,both,36,,
NCD_HYP_TREATMENT_A,TUN,2017,both,36.2,,
NCD_HYP_TREATMENT_A,TUN,2018,both,36.5,,
NCD_HYP_TREATMENT_A,TUN,2019,both,36.7,,
NCD_PAA,DZA,2000,both,23.888,,
NCD_PAA,DZA,2001,both,24.047,,
NCD_PAA,DZA,2002,both,24.213,,
NCD_PAA,DZA,2003,both,24.385,,
NCD_PAA,DZA,2004,both,24.562,,
NCD_PAA,DZA,2005,both,24.745,,
NCD_PAA,DZA,2006,both,24.932,,
NCD_PAA,DZA,2007,both,25.127,,
NCD_PAA,DZA,2008,both,25.331,,
NCD_PAA,DZA,2009,both,25.544,,
NCD_PAA,DZA,2010,both,25.764,,
NCD_PAA,DZA,2011,both,25.992,,
NCD_PAA,DZA,2012,both,26.23,,
NCD_PAA,DZA,2013,both,26.479,,
NCD_PAA,DZA,2014,both,26.74,,
NCD_PAA,DZA,2015,both,27.014,,
NCD_PAA,DZA,2016,both,27.298,,
NCD_PAA,DZA,2017,both,27.58,,
NCD_PAA,DZA,2018,both,27.858,,
NCD_PAA,DZA,2019,both,28.138,,
NCD_PAA,DZA,2020,both,28.43,,
NCD_PAA,DZA,2021,both,28.731,,
NCD_PAA,DZA,2022,both,29.037,,
NCD_PAA,EGY,2000,both,30.626,,
NCD_PAA,EGY,2001,both,30.78,,
NCD_PAA,EGY,2002,both,30.929,,
NCD_PAA,EGY,2003,both,31.071,,
NCD_PAA,EGY,2004,both,31.209,,
NCD_PAA,EGY,2005,both,31.341,,
NCD_PAA,EGY,2006,both,31.469,,
NCD_PAA,EGY,2007,both,31.597,,
NCD_PAA,EGY,2008,both,31.729,,
NCD_PAA,EGY,2009,both,31.867,,
NCD_PAA,EGY,2010,both,32.009,,
NCD_PAA,EGY,2011,both,32.151,,
NCD_PAA,EGY,2012,both,32.294,,
NCD_PAA,EGY,2013,both,32.44,,
NCD_PAA,EGY,2014,both,32.593,,
NCD_PAA,EGY,2015,both,32.75,,
NCD_PAA,EGY,2016,both,32.911,,
NCD_PAA,EGY,2017,both,33.064,,
NCD_PAA,EGY,2018,both,33.206,,
NCD_PAA,EGY,2019,both,33.347,,
NCD_PAA,EGY,2020,both,33.492,,
NCD_PAA,EGY,2021,both,33.644,,
NCD_PAA,EGY,2022,both,33.801,,
NCD_PAA,LBY,2000,both,33.938,22.03,46.622
NCD_PAA,LBY,2001,both,34.503,23.074,46.808
NCD_PAA,LBY,2002,both,35.071,24.114,46.957
NCD_PAA,LBY,2003,both,35.64,25.14,47.006
NCD_PAA,LBY,2004,both,36.212,26.089,46.943
NCD_PAA,LBY,2005,both,36.785,27.08,46.952
NCD_PAA,LBY,2006,both,37.336,27.993,47.029
NCD_PAA,LBY,2007,both,37.861,28.916,47.165
NCD_PAA,LBY,2008,both,38.385,29.954,47.303
NCD_PAA,LBY,2009,both,38.907,30.88,47.546
NCD_PAA,LBY,2010,both,39.427,31.726,47.63
NCD_PAA,LBY,2011,both,39.938,32.577,47.89
NCD_PAA,LBY,2012,both,40.444,33.314,47.964
NCD_PAA,LBY,2013,both,40.961,33.949,48.174
NCD_PAA,LBY,2014,both,41.486,34.575,48.447
NCD_PAA,LBY,2015,both,42.019,35.155,48.933
NCD_PAA,LBY,2016,both,42.556,35.7,49.543
NCD_PAA,LBY,2017,both,43.076,35.995,50.241
NCD_PAA,LBY,2018,both,43.576,36.453,51.005
NCD_PAA,LBY,2019,both,44.072,36.531,51.825
NCD_PAA,LBY,2020,both,44.57,36.578,52.607
NCD_PAA,LBY,2021,both,45.067,36.636,53.526
NCD_PAA,LBY,2022,both,45.562,36.542,54.466
NCD_PAA,MAR,2000,both,21.72,,
NCD_PAA,MAR,2001,both,21.785,,
NCD_PAA,MAR,2002,both,21.858,,
NCD_PAA,MAR,2003,both,21.936,,
NCD_PAA,MAR,2004,both,22.019,,
NCD_PAA,MAR,2005,both,22.101,,
NCD_PAA,MAR,2006,both,22.184,,
NCD_PAA,MAR,2007,both,22.272,,
NCD_PAA,MAR,2008,both,22.367,,
NCD_PAA,MAR,2009,both,22.469,,
NCD_PAA,MAR,2010,both,22.579,,
NCD_PAA,MAR,2011,both,22.696,,
NCD_PAA,MAR,2012,both,22.822,,
NCD_PAA,MAR,2013,both,22.957,,
NCD_PAA,MAR,2014,both,23.102,,
NCD_PAA,MAR,2015,both,23.259,,
NCD_PAA,MAR,2016,both,23.429,,
NCD_PAA,MAR,2017,both,23.598,,
NCD_PAA,MAR,2018,both,23.764,,
NCD_PAA,MAR,2019,both,23.934,,
NCD_PAA,MAR,2020,both,24.116,,
NCD_PAA,MAR,2021,both,24.309,,
NCD_PAA,MAR,2022,both,24.509,,
NCD_PAA,TUN,2000,both,22.688,,
NCD_PAA,TUN,2001,both,23.111,,
NCD_PAA,TUN,2002,both,23.545,,
NCD_PAA,TUN,2003,both,23.985,,
NCD_PAA,TUN,2004,both,24.433,,
NCD_PAA,TUN,2005,both,24.884,,
NCD_PAA,TUN,2006,both,25.337,,
NCD_PAA,TUN,2007,both,25.796,,
NCD_PAA,TUN,2008,both,26.262,,
NCD_PAA,TUN,2009,both,26.736,,
NCD_PAA,TUN,2010,both,27.217,,
NCD_PAA,TUN,2011,both,27.703,,
NCD_PAA,TUN,2012,both,28.194,,
NCD_PAA,TUN,2013,both,28.692,,
NCD_PAA,TUN,2014,both,29.2,,
NCD_PAA,TUN,2015,both,29.718,,
NCD_PAA,TUN,2016,both,30.246,,
NCD_PAA,TUN,2017,both,30.768,,
NCD_PAA,TUN,2018,both,31.282,,
NCD_PAA,TUN,2019,both,31.794,,
NCD_PAA,TUN,2020,both,32.312,,
NCD_PAA,TUN,2021,both,32.834,,
NCD_PAA,TUN,2022,both,33.357,,
